address,name,I1,I2,I6,I7,I8,I9
0xdd41fbd1ae95c5d9b198174a28e04be6b3d1aa27,YEARS,0,0,0,0,0,0
0x1b957dc4aefeed3b4a2351a6a6d5cbfbba0cecfa,HoQuToken,0,0,0,0,0,0
0x0142c3b2fc51819b5af5dfc4aa52df9722790851,PynToken,0,0,0,0,0,0
0x6a40c8e409b915e024bd54b225f06919c1bae502,UserWallet,0,0,0,0,0,0
0x998b3b82bc9dba173990be7afb772788b5acb8bd,BANCA,0,0,0,0,0,0
0x7bcec0ef877533ab557add0db19f833fdc18181c,XYCC,0,0,0,0,0,0
0x1014613e2b3cbc4d575054d4982e580d9b99d7b1,BCV,0,0,0,0,0,0
0x255aa6df07540cb5d3d297f0d0d4d84cb52bc8e6,RaidenToken,0,0,0,0,0,0
0x1829aa045e21e0d59580024a951db48096e01782,FXT,0,0,0,0,0,0
0xb5dbc6d3cf380079df3b27135664b6bcf45d1869,OmixToken,0,0,0,0,0,0
0x5e8a8371595784a37943b6ae2ae979cb8e727ea8,HumanStandardToken,0,0,0,0,0,0
0x1c5f43710a1776b0ea7191b7ead75d4b98d69858,PskERC20,0,10,0,0,0,0
0x0cbc9b02b8628ae08688b5cc8134dc09e36c443b, Tratok,0,0,0,0,0,0
0x37d404a072056eda0cd10cb714d35552329f8500,XRT,0,0,0,0,0,0
0x24ebfc20bb2e1daadd98d28341ab37d0c154f4cb,COOSToken,0,0,0,0,0,0
0x3643ed7a06ebdd39aa18f8bb2f357afeebafd62b,Redan,0,0,0,0,0,0
0xf3e70642c28f3f707408c56624c2f30ea9f9fce3,AlbosToken,0,8,0,0,0,0
0x2193b9f2b5e5051e41c32c71b25587d6a6f045c8,StatusSecurity,0,0,0,0,0,0
0xcc984597487e392baaa532f1b0183d5aef4f6b68,HumanStandardToken,0,0,0,0,0,0
0x4d0528598f916fd1d8dc80e5f54a8feedcfd4b18,Atoshi,0,0,0,0,0,0
0x4470bb87d77b963a013db939be332f927f2b992e,ADXToken,0,0,0,0,0,0
0x317572aabc73d59fc55f923750d1c51680fd28b4,TTT,0,0,0,0,0,0
0x283640b9a2bba66a294c9b19cc4404cafd35c7cc,IntelligenceChainToken,0,0,0,0,0,0
0xc5807256e2e2fe85ca94c3617c4bc5ff2bd9cfb6,DragonCoin,0,0,0,0,0,0
0x8e870d67f660d95d5be530380d0ec0bd388289e1,AdminUpgradeabilityProxy,0,0,0,0,0,0
0x977b0584b50cdd64e2f8185b682a1f256448c7c8,ERC20Standard,0,0,0,0,0,0
0xafbec4d65bc7b116d85107fd05d912491029bf46,ARBITRAGEToken,0,0,0,0,0,0
0x3258ff5a650d2a4601c12bc3da495557ef354066,BAIC,0,0,0,0,0,0
0x3aca398197478e1f911e4edd8ff7b4d608b98a3a,EncryptedToken,0,1,0,0,0,9
0x0ebb614204e47c09b6c3feb9aaecad8ee060e23e,CPAYToken,0,0,0,0,0,0
0x4a42d2c580f83dce404acad18dab26db11a1750e,Token,0,0,0,0,0,0
0x006bea43baa3f7a6f765f14f10a1a1b08334ef45,StoxSmartToken,0,0,0,0,0,0
0x992e3ce20febb7fade6fbe32ae1d4b146f471c47,BeepToken,0,0,0,0,0,0
0xea11755ae41d889ceec39a63e6ff75a02bc1c00d,CortexCoin,0,0,0,0,0,0
0x56f527c3f4a24bb2beba449ffd766331da840ffa,BTYCToken,0,9,0,0,1,0
0x3918c42f14f2eb1168365f911f63e540e5a306b5,NeuralProtocol,0,10,0,0,0,0
0xaa19961b6b858d9f18a115f25aa1d98abc1fdba8,LCS,0,0,0,0,0,0
0x4dc3643dbc642b72c158e7f3d2ff232df61cb6ce,AmberToken,0,0,0,0,0,0
0xdcb9ff81013c31ff686154b4502ef6bfaa102d2d,Goochain,0,0,0,0,0,0
0xfae4ee59cdd86e3be9e8b90b53aa866327d7c090,TokenERC20,0,0,0,0,0,0
0x36d10c6800d569bb8c4fe284a05ffe3b752f972c,WeShowToken,0,0,0,0,0,0
0xc83279990fc9afc8604e3aff1e087d4cceb8a9e5,MainToken,0,10,0,0,0,0
0x0f5d2fb29fb7d3cfee444a200298f468908cc942,MANAToken,0,0,0,0,0,0
0xf7920b0768ecb20a123fac32311d07d193381d6f,TNBToken,0,0,0,0,0,0
0xa9d2927d3a04309e008b6af6e2e282ae2952e7fd,HumanStandardToken,0,0,0,0,0,0
0xf230b790e05390fc8295f4d3f60332c93bed42e2,TronToken ,0,0,0,0,0,0
0x0b42c73446e4090a7c1db8ac00ad46a38ccbc2ac,HumanStandardToken,0,0,0,0,0,0
0x7a41e0517a5eca4fdbc7fbeba4d4c47b9ff6dc63,ZeusShieldCoin,0,0,0,0,0,0
0x2042120c6fd5d4ea564460632cece6572727a8f3,TokenERC20,0,0,0,0,0,0
0xf3586684107ce0859c44aa2b2e0fb8cd8731a15a,KaratBankCoin,0,0,0,0,0,0
0x05860d453c7974cbf46508c06cba14e211c629ce,EdenCoin,0,0,0,0,0,0
0x12fef5e57bf45873cd9b62e9dbd7bfb99e32d73e,CofounditToken,0,0,0,0,0,0
0x26eb39228eb4bb98c84ad821bb51464121b2276d,NAUTokenCoin,0,0,0,0,0,0
0x7d92eae052df7d5c85a716fb2e5d78ca3a99c867,PYCToken,0,0,0,0,0,0
0x70a72833d6bf7f508c8224ce59ea1ef3d0ea3a38,UtrustToken,0,0,0,0,0,0
0x6073e94f34d890148a127f5c6197c0eb0fea6c95,TokenVesting,0,0,0,0,0,0
0x27695e09149adc738a978e9a678f99e4c39e9eb9,CSToken,0,0,0,0,0,0
0xd49ff13661451313ca1553fd6954bd1d9b6e02b9,ElecTokenSmartContract,0,0,0,0,0,0
0xd6c523854f08759df65fd335c80a5609e2a28d5f,LEXT,0,10,0,0,0,0
0x5d4abc77b8405ad177d8ac6682d584ecbfd46cec,PrimasToken,0,0,0,0,0,0
0xdecd5780a9d50a96f34ce7e9e636903f6f3b47f5,HumanStandardToken,0,0,0,0,0,0
0x8b0b3526b414ed5019049326544c07725a30da92,Aeronia,0,10,0,0,0,0
0x45245bc59219eeaaf6cd3f382e078a461ff9de7b,Token,0,10,0,0,0,0
0xba9d4199fab4f26efe3551d490e3821486f135ba,SwissBorgToken,0,0,0,0,0,0
0xa3d58c4e56fedcae3a7c43a725aee9a71f0ece4e,METToken,0,0,0,0,0,0
0x72fbc0fc1446f5accc1b083f0852a7ef70a8ec9f,NovaChain,0,0,0,0,0,0
0xa8258abc8f2811dd48eccd209db68f25e3e34667,ElementToken,0,0,0,0,0,0
0x00c4b398500645eb5da00a1a379a88b11683ba01,EximchainToken,0,0,0,0,0,0
0x08d32b0da63e2c3bcf8019c9c5d849d7a9d791e6,DentacoinToken,0,0,0,0,0,0
0xff18dbc487b4c2e3222d115952babfda8ba52f5f,Token,0,0,0,0,0,0
0x7200d6ba3dae1eb92415dbc9a059433126cfb25f,Token,0,0,0,0,0,0
0x8198e349afd0a09efb06b460452ec1beab7a20aa,MDToken,0,0,0,0,0,0
0x965845021382735679ec50d3f7b2b04b3934415a,UserWallet,0,0,0,0,0,0
0x58b6a8a3302369daec383334672404ee733ab239,LivepeerToken,0,0,0,0,0,0
0xde2f7766c8bf14ca67193128535e5c7454f8387c,Metadium,0,0,0,0,0,0
0x212ae2172439358c588170166fde7d57bca9d4a8,EthereumSecure,0,0,0,0,0,0
0x9344b383b1d59b5ce3468b234dab43c7190ba735,NeedsCoin,0,10,0,0,0,0
0x1844b21593262668b7248d0f57a220caaba46ab9,OysterPearl,0,0,0,0,0,0
0x543ff227f64aa17ea132bf9886cab5db55dcaddf,DAOToken,0,0,0,0,0,0
0xb64ef51c888972c908cfacf59b47c1afbc0ab8ac,CentrallyIssuedToken,0,0,0,0,0,0
0x4fb2445742d0c413a917b2484960b0d80950b540,Bible,0,0,0,0,0,8
0xb62132e35a6c13ee1ee0f84dc5d40bad8d815206,NexoToken,0,0,0,0,0,0
0x9d8be94d0612170ce533ac4d7b43cc3cd91e5a1a,Token,0,0,0,0,0,0
0x0b76544f6c413a555f309bf76260d1e02377c02a,INT,0,0,0,1,0,10
0xa823e6722006afe99e91c30ff5295052fe6b8e32,Neumark,0,0,0,0,0,0
0xfc23bae5632268ff06f5c79538049af39e54c630,MPTToken,0,0,0,0,0,0
0x7d2d8ad6d6c689b583fbd91f7b54c4395815de30,RedRabbitToken,0,10,0,0,0,0
0xa5fd1a791c4dfcaacc963d4f73c6ae5824149ea7,JNTViewERC20,0,0,0,0,0,0
0xfedae5642668f8636a11987ff386bfd215f942ee,PolicyPalNetworkToken,0,0,0,0,0,0
0x286bda1413a2df81731d4930ce2f862a35a609fe,WaBi,0,0,0,0,0,0
0x2859021ee7f2cb10162e67f33af2d22764b31aff,SilentNotaryToken,0,0,0,0,0,0
0xb4cebdb66b3a5183fd4764a25cad1fc109535016,ZillaGDToken,0,0,0,0,0,0
0xe0e6cf20d5f9f0279c3a24d5bd27cd28f122b9c7,CrowdminingToken,0,10,0,0,0,0
0x2aec18c5500f21359ce1bea5dc1777344df4c0dc,FTT,0,10,0,0,0,0
0x419d0d8bdd9af5e606ae2232ed285aff190e711b,Token,0,0,0,0,0,0
0xbdf2e5d2dacd341c2aad8e73c83495fabfff3e5f,ERC20PGEToken,0,0,0,0,0,0
0xe0b7927c4af23765cb51314a0e0521a9645f0e2a,Token,0,0,0,0,0,0
0x865bfd8232778f00cae81315bf75ef1fe6e30cdd,AbleToken,0,0,0,0,0,0
0x9154aa77e5b0bd0b07508ae883a3fcd6a0169511,RICHERC20,0,0,0,0,0,0
0x5f53f7a8075614b699baad0bc2c899f4bad8fbbf,Rebellious ,0,0,0,0,0,0
0xd4078bdb652610ad5383a747d130cbe905911102,VLTToken,0,0,0,0,0,0
0x55296f69f40ea6d20e478533c15a6b08b654e758,TokenERC20,0,0,0,0,0,0
0x69b148395ce0015c13e36bffbad63f49ef874e03,DataToken,0,0,0,0,0,0
0x41ab1b6fcbb2fa9dced81acbdec13ea6315f2bf2,Coin,0,0,0,0,0,0
0xd8d48e52f39ab2d169c8b562c53589e6c71ac4d3,ETHERCExchange,0,0,0,0,0,0
0x2c4e8f2d746113d0696ce89b35f0d8bf88e0aeca,SimpleToken,0,0,0,0,0,0
0x6c6ee5e31d828de241282b9606c8e98ea48526e2,HoloToken,0,0,0,0,0,0
0x28454473f160e8918c2718ff835a177ca3aa9158,RecreationCultureMassMediaCoin,0,10,0,0,0,0
0xdac17f958d2ee523a2206206994597c13d831ec7,TetherToken,0,0,0,0,0,0
0x5fb1bbfbdbbb26e4d51a47b1765cc6272ebb31e4,HumanStandardToken,0,0,0,0,0,0
0xf7d3320c4676d11d67338b766a9df99996d19777,MKC,0,0,0,5,0,0
0xae84013bb37ef96abe16f5017a50c1e4d870a331,IfanToken,0,0,0,0,0,0
0xe1fd7cb1a330c48cc0a09d31f0786b61bfc43f71,ABOToken,0,0,0,0,0,0
0xfc44ec51c80e35a87bc2140299b1636ec83dfb04,VoltToken,0,10,0,0,0,10
0xfc79774fb9dedeea2325d0d5570554eddc4e6747,VotePumpCoin0x,0,10,0,0,0,0
0xfa7c200d0c1e6f0117ffc7b2f2485c53fd4c1ac4,CYBERSAFETY,0,10,0,0,0,0
0x2a95d984780596f792488c427d5c99042b15f48e,YoloChips,0,10,0,0,0,0
0x5136c98a80811c3f46bdda8b5c4555cfd9f812f0,IndaHashToken,0,0,0,0,0,0
0xfd1e80508f243e64ce234ea88a5fd2827c71d4b7,MedXToken,0,0,0,0,0,0
0x4c0fbe1bb46612915e7967d2c3213cd4d87257ad,ApisToken,0,0,0,0,0,0
0xce5e5913ee8c47055b270814aa06a6e01723ae62,HumanStandardToken,0,0,0,0,0,0
0xc528c28fec0a90c083328bc45f587ee215760a0f,EndorToken,0,0,0,0,0,0
0x0d262e5dc4a06a0f1c90ce79c7a60c09dfc884e4,J8TToken,0,0,0,0,0,0
0x6a750d255416483bec1a31ca7050c6dac4263b57,TokenERC20,0,0,0,0,0,0
0x5f5b9ef679d324c7b37c1ab2353ab78b96540b49,KHCoin,0,0,0,0,0,0
0x177d39ac676ed1c67a2b268ad7f1e58826e5b0af,CDTToken,0,0,0,0,0,0
0x599fedf78d6175a09bae86ba84630dab83df403b,MACHToken,0,0,0,0,0,0
0xc0b77a6049f92037fe8d69c9b982a608df149172,HumanStandardToken,0,0,0,0,0,0
0x4cf73da4c5ec89d60822b50f769277a9ce498525,UserWallet,0,0,0,0,0,0
0xe36df5bb57e80629cfc28a31e5f794071c085eca,FixedSupplyToken,0,0,0,0,0,0
0x4d8fc1453a0f359e99c9675954e656d80d996fbf,BeeToken,0,0,0,0,0,0
0xf7b098298f7c69fc14610bf71d5e02c60792894c,GUPToken,0,0,0,0,0,0
0x4d09c5e758ca68be27240f29fb681e5a5341ca98,Hotc,0,0,0,0,0,0
0xdfb410994b66778bd6cc2c82e8ffe4f7b2870006,KinguinKrowns,0,0,0,0,0,0
0x121c6e0613317a98cc14a9d379e2abe546ba980c,PELOCoinToken,0,0,0,0,0,0
0x6a110f0e4c3fa4d9b60ada6bcf479331055c6d6e,UserWallet,0,0,0,0,0,0
0x702b1b84bb83bb2c651780bf83ba0cb17c656182,IVNToken,0,10,0,0,0,0
0x8e91a9cbadb74ef60c456f1e4ba3e391b143aad9,OpticalNetwork,0,0,0,0,0,0
0x08711d3b02c8758f2fb3ab4e80228418a7f8e39c,EdgelessToken,0,0,0,0,0,0
0x5cfaf9ad2cb84ce2bc40be1beb735bd12a075e99,AbleDollarToken,0,0,0,0,0,0
0x14c926f2290044b647e1bf2072e67b495eff1905,BethereumToken,0,0,0,0,0,0
0x862da0a691bb0b74038377295f8ff523d0493eb4,TokenERC20,0,0,0,0,0,0
0xc64500dd7b0f1794807e67802f8abbf5f8ffb054,LocusToken,0,0,0,0,0,0
0x89885fc1f76c3f4cc719640e33c315227da7003a,ERC20Token,0,0,0,0,0,0
0x6cb9c5abf310b42893adff0b1f38322eea109c98,DelightToken,0,10,0,0,0,0
0x4af328c52921706dcb739f25786210499169afe6,SKBToken,0,0,0,0,0,0
0xea54c81fe0f72de8e86b6dc78a9271aa3925e3b5,BGGToken,0,0,0,0,0,0
0x8b6cda5cc518c904e8844f445e1a7c7d2db0ff16,SFCapitalToken,0,0,0,0,0,0
0xd0929d411954c47438dc1d871dd6081f5c5e149c,Refereum,0,0,0,0,0,0
0x79873fa02088aaa0f78564c03073ae75a9ecfe55,DSToken,0,0,0,0,0,0
0x2d184014b5658c453443aa87c8e9c4d57285620b,JSEToken,0,0,0,0,0,0
0xf03f8d65bafa598611c3495124093c56e8f638f0,DSToken,0,0,0,0,0,0
0xd6bd97a26232ba02172ff86b055d5d7be789335b,OrmeCash,0,2,0,0,0,0
0x74fd51a98a4a1ecbef8cc43be801cce630e260bd,SiaCashCoin,0,10,0,0,0,0
0xe17dbb844ba602e189889d941d1297184ce63664,InstantTrade,0,0,0,0,0,0
0x74c04c4aa808cbad143b3909e40936f72abb2b24,SingularDTVToken,0,0,0,0,0,0
0x1b6c5864375b34af3ff5bd2e5f40bc425b4a8d79,TopChainCoin,0,0,0,0,0,0
0xb7cb1c96db6b22b0d3d9536e0108d062bd488f74,WaltonToken,0,0,0,0,0,0
0x7568b9ece8966ae20e7f5edf90bcd6b77c2a47ca,EnergyEcoToken,0,0,0,0,0,0
0x1d238ac79e2e250a01a43598921a2188a99846d3,CustomToken,0,10,0,0,0,0
0xc50948bac01116f246259070ea6084c04649efdf,MyToken,0,0,0,0,0,0
0x7bae88aed0510bf802fcc63afcac56e1fc513779,WXYToken,0,0,0,0,0,0
0x4cf488387f035ff08c371515562cba712f9015d4, WPR,0,0,0,0,0,0
0x6a9620d939ebafc4fe2c8756b36f4484661a201a,ERC20token,0,0,0,0,0,0
0x5dbe296f97b23c4a6aa6183d73e574d02ba5c719,LUCToken,0,0,0,0,0,0
0xb8c77482e45f1f44de1745f52c74426c631bdd52,BNB,0,0,0,0,0,0
0x516e5436bafdc11083654de7bb9b95382d08d5de,ERC20Token,0,0,0,0,0,0
0x06247819781541bc11966ce66eeb5b18d10fee51,VirtualRealityChain,0,0,0,0,0,0
0x88652845a5495983b70aebbf25102361552d5e54,PhotochainToken,0,0,0,0,0,0
0x1d6c267ede89c6a504db5f7bffdbf5cc72b272d0,CustomToken,0,10,0,0,0,0
0x9d7a70b05afddf8c76f5b69fa4ce10c014a18e21,HPCToken,0,0,0,0,0,0
0x29d75277ac7f0335b2165d0895e8725cbf658d73,CSNO,0,0,0,0,0,0
0x905e337c6c8645263d3521205aa37bf4d034e745,MTC,0,0,0,0,0,0
0x71452be1f02fdc0f3b81fe9a3ab52fdb46fe8667,TokenERC20,0,0,0,0,0,0
0x935636cd4e6a52227c97e68fe2c299305bd6f705,CCASH,0,0,0,0,0,0
0xb5b8f5616fe42d5ceca3e87f3fddbdd8f496d760,ZperToken,0,0,0,0,0,0
0x3e9e371f8d2e9fca315fb0a747533ced8a3fcbcb,BixcPro,0,0,0,0,0,0
0xe50365f5d679cb98a1dd62d6f6e58e59321bcddf,LATToken,0,0,0,0,0,0
0x0f155f84f44e5fd47b53f74f31256a2d8f955591,UserWallet,0,0,0,0,0,0
0x622dffcc4e83c64ba959530a5a5580687a57581b,Token,0,0,0,0,0,0
0xc7c03b8a3fc5719066e185ea616e87b88eba44a3,EligmaTokenContract,0,0,0,0,0,0
0x41bbcf4f8f0e8a0a3cce4287d1c0c3d27c65ba0d,MallToken,0,0,0,0,0,0
0x813b428af3920226e059b68a62e4c04933d4ea7a,DATP,0,0,0,0,0,0
0x5a86568f9bbf7c31e30bf40f569762ca82ceb93c,BEN,0,10,0,0,0,0
0x8bcb64bfda77905398b67af0af084c744e777a20,GameCell,0,0,0,0,0,0
0x868c3ee9b6086458482422b6b37fa36649cd55bf,RedBUX,0,10,0,0,0,0
0x3e716a958c185f2ba10f5951566bea740f4e892e,DiverseCurrencyCirculationEcosystem,0,10,0,0,0,10
0x9f8f72aa9304c8b593d555f12ef6589cc3a579a2,DSToken,0,0,0,0,0,0
0x1e797ce986c3cff4472f7d38d5c4aba55dfefe40,blockcdn,0,0,0,0,0,0
0xd0a4b8946cb52f0661273bfbc6fd0e0c75fc6433,StormToken,0,0,0,0,0,0
0x8c48060e5788518cd8e7097a432f5150b92d9809,TGCToken,0,10,0,0,0,0
0x35698ebf97ffb6299ae11439cc1ef1b736b64ebd,DSProxy,0,0,0,0,0,0
0xffe04344f48e7ca2ee5e25bf557ac88b1b769cb3,STEToken,0,0,0,0,0,0
0x39bb259f66e1c59d5abef88375979b4d20d98022,WaxToken,0,0,0,0,0,0
0x705ee96c1c160842c92c1aecfcffccc9c412e3d9,POLLToken,0,0,0,0,0,0
0x78a806a3bef5f9afcaa0f3b31fc07617a284516b,TKG,0,0,0,0,0,0
0x2008e3057bd734e10ad13c9eae45ff132abc1722,ZebiCoin,0,0,0,0,0,0
0xf20b9e713a33f61fa38792d2afaf1cd30339126a,BancorNetwork,0,0,0,0,0,0
0x1c83501478f1320977047008496dacbd60bb15ef,DGTX,0,0,0,0,0,0
0x3839d8ba312751aa0248fed6a8bacb84308e20ed,BEZOP,0,0,0,0,0,0
0xfc55f4b931764a163cd7b7414dfc63337057f078,TokenERC20,0,0,0,0,0,0
0xfe62e9d7c7781936499eaae20fbf3671b641516d,BancorConverter,0,0,0,0,0,0
0x7b09fb91ed7015b99db9e9ac10a2dd38ac0c85e1,GiftToken,0,10,0,0,0,0
0x0bc61dded5f6710c637cf8288eb6058766ce1921,CENToken,0,0,0,0,0,0
0x1c4481750daa5ff521a2a7490d9981ed46465dbd,CPToken,0,0,0,0,0,0
0x371f0b1ac423dcae85407eb5f3526fa2bf183516,HumanStandardToken,0,0,0,0,0,0
0xcbeaec699431857fdb4d37addbbdc20e132d4903,YOYOW,0,0,0,0,0,0
0xb57919aebb30812ae188dbe238bc907d56ba4a3a,EveryCoin,0,10,0,1,0,0
0x63f584fa56e60e4d0fe8802b27c7e6e3b33e007f,BOXToken,0,0,0,0,0,0
0x45e5997a4a69ca3d8eb38892bd7d5dad8eadea2b,TCZToken,0,0,10,0,0,0
0x89700d6cd7b77d1f52c29ca776a1eae313320fc5,PMD,0,0,0,0,0,0
0xe6a0bb62b1772421e312ceb74d82104be7bb11d0,Token,0,0,0,0,0,0
0x91a502c678605fbce581eae053319747482276b9,KyberNetwork,0,0,0,0,0,0
0x4a8f44be523580a11cdb20e2c7c470adf44ec9bb,BTMC,0,0,0,0,0,0
0x5af2be193a6abca9c8817001f45744777db30756,CrowdsaleToken,0,0,0,0,0,0
0xc27a2f05fa577a83ba0fdb4c38443c0718356501,LamdenTau,0,0,0,0,0,0
0x8760acb548366a1e89ba0369f5b321b347b40bd3,QAcoin,0,0,0,0,0,0
0x9e778355b7540825c2504fb1d8dd4f4735d22950,HumanStandardToken,0,0,0,0,0,0
0x558ec3152e2eb2174905cd19aea4e34a23de9ad6,BRDToken,0,0,0,0,0,0
0x842aa016d74e8ff46145e713315c951dc9f7b19d,AntiqueArtToken,0,10,0,0,0,0
0x49de436ea25be263cb3e8ff1401931c6f9b70660,NexyToken,0,0,0,0,0,0
0x4b9deba8de3e848c2446f6bd731b3f6f5eee74c2,TokenERC20,0,0,0,0,0,0
0xb87972abbfc219664e4a2f52954f5b9cedf7ea33,ExpressCoin,0,7,0,0,0,0
0x91d04cae7ec01de3de98e028b999a2edb129b169,TKCDStandardToken,0,0,0,0,0,0
0xf18af466f8885f9ea93d2b85c47a427cb01bad52,RacingPigeonCoin,0,10,0,0,0,0
0x0abdace70d3790235af448c88547603b945604ea,District0xNetworkToken,0,0,0,0,0,0
0x34f0d846c766874413938994da32360cf0e4350d,SAIToken,0,0,0,0,0,0
0xfbfddc2d8b8c1c314ebf8a96c80eb9af06c8de5c,StandardToken,0,0,0,0,0,0
0x60c24407d01782c2175d32fe7c8921ed732371d1,LemoCoin,0,0,0,0,0,0
0x98da3b3da368a23693eb609d5ce2d779896a31b5,InseeCoin,0,0,0,0,0,0
0x39e5bd6ae0f2aa9240d2ae7fbf49e36f05dd339f,EthereumUnlimited,0,0,0,0,0,0
0xdb25f211ab05b1c97d595516f45794528a807ad8,EURSToken,0,0,0,0,0,0
0x22f9a70224db49d8b945cd786700c0b5f4d9d25f,HumanStandardToken,0,0,0,0,0,0
0x6aeb95f06cda84ca345c2de0f3b7f96923a44f4c,BerryToken,0,0,0,0,0,0
0xabc50c1de6ffdef945cef9d71f2f2c44c84702b1,FintechChain,0,0,0,0,0,10
0x8b353021189375591723e7384262f45709a3c3dc,TomoCoin,0,0,0,0,0,0
0x621c1528829b70bfe6df7fa82251ed7271ab8104,luxbio_bio,0,0,0,0,0,0
0xb9ef770b6a5e12e45983c5d80545258aa38f3b78,ZerochainToken,0,0,0,0,0,0
0xed07ccb42286820cb3ceaadfd69bae7d4f2ca0c5,MyAdvancedToken,0,0,0,0,0,0
0x3c4a3ffd813a107febd57b2f01bc344264d90fde,EnergiToken,0,0,0,0,0,0
0x077dc3c0c9543df1cdd78386df3204e69e0dd274,ERC20,0,0,0,0,0,0
0xb9ab8eed48852de901c13543042204c6c569b811,Zethr,0,0,0,0,0,0
0xa974c709cfb4566686553a20790685a47aceaa33,MixinToken,0,0,0,0,0,0
0x8ed5afcb8877624802a0cbfb942c95c2b7c87146,ZhiXinToken,0,0,0,0,0,0
0x4594a218d3149743758b08574f1f532cb790e268,VTEXP,0,4,0,0,0,0
0x0b4bdc478791897274652dc15ef5c135cae61e60,DAEXToken,0,0,0,0,0,0
0x38d1b0d157529bd5d936719a8a5f8379afb24faa,DataKYC,0,0,0,0,0,0
0x27dce1ec4d3f72c3e457cc50354f1f975ddef488,Token,0,0,0,0,0,0
0x12b306fa98f4cbb8d4457fdff3a0a0a56f07ccdf,SpectreDividendToken,0,0,0,0,0,0
0x43030fe232ff28b628c58c1466e9238487f2d670,AXEToken,0,0,0,0,0,0
0x9509ab39e86b0c369bc09e6f67c7585efcbd58d9,TokenFactory,0,0,0,0,0,0
0x384776cb3e453402ecf070b48d79e9874763cb50,ERC20Standard,0,0,0,0,0,0
0x584b44853680ee34a0f337b712a8f66d816df151,AidocToken,0,0,0,0,0,0
0x35c006351f391fb7f4119edcc7d8e6c36a81e9e4,TokenERC20,0,0,0,0,0,0
0x9ef0eb9d97e4e7c8612d4e5aaf9201e35bd3670b,EAI_TokenERC,0,10,0,0,0,0
0x4bb98d82fd0058e1ce97b71dc5c54b6d98c8c531,XENIACOIN,0,0,0,0,0,0
0xc0a93d6cf22013e32c74b7ecc12b4fcd1622a09c,UserWallet,0,0,0,0,0,0
0x97aeb5066e1a590e868b511457beb6fe99d329f5,AMLToken,0,0,0,0,0,0
0x4d538b9b3c1c3f58707a9689b5bc3d860c011242,MOTCToken,0,0,0,0,0,0
0x4b317864a05c91225ab8f401ec7be0aeb87e9c12,TokenBBBasic,0,0,0,0,0,0
0x5d60d8d7ef6d37e16ebabc324de3be57f135e0bc,ERC20,0,0,0,0,0,0
0x253a1ec21299041ea751e8c5f8a3e0de9f109557,UserWallet,0,0,0,0,0,0
0x7f4404db6a3f4d3cfb41d5920d81d44d64759235,Yumerium,0,1,0,0,0,10
0xc35b238546a6b02b2d2bd996ecdae322f9f8120b,TokenERC20,0,0,0,0,0,0
0x2f141ce366a2462f02cea3d12cf93e4dca49e4fd,FreeToken,0,0,0,0,0,0
0x846c66cf71c43f80403b51fe3906b3599d63336f,PumaPayToken,0,0,0,0,0,0
0xc3af5103551287cfc8f12d7bfe208e0c2c3c3ff1,MyAdvancedToken,0,0,0,0,0,0
0x818fc6c2ec5986bc6e2cbf00939d90556ab12ce5,KinToken,0,0,0,0,0,0
0xfa1a856cfa3409cfa145fa4e20eb270df3eb21ab,IOSToken,0,0,0,0,0,0
0x47dd62d4d075dead71d0e00299fc56a2d747bebb,EqualToken,0,3,0,0,0,8
0x6758b7d441a9739b98552b373703d8d3d14f9e62,POA20,0,0,0,0,0,0
0x554c20b7c486beee439277b4540a434566dc4c02,DecisionToken,0,0,0,0,0,0
0xeafeb35076d61ea2b0eeed2a31db61b07d2835d1,CALToken,0,0,0,0,0,0
0xd850942ef8811f2a866692a623011bde52a462c1,VEN,0,6,0,0,0,0
0x68909e586eeac8f47315e84b4c9788dd54ef65bb,EvenCoin,0,0,0,0,0,0
0x8f72b2be44d92a47f84d9a185bc24be77120b7e2,KexToken,0,0,0,0,0,0
0xcfc3fdbc6da4c2e4fb7f318c5b168c729320a3c6,HumanStandardToken,0,0,0,0,0,0
0xd9485499499d66b175cf5ed54c0a19f1a6bcb61a,UseChainToken,0,0,0,0,0,0
0xd7732e3783b0047aa251928960063f863ad022d8,BRM,0,0,0,0,0,0
0x89cf87c35e69a9b84f7a3e50eaf54bfc3cabc377,GetPaidToken,0,0,0,0,0,0
0x02c4c78c462e32cca4a90bc499bf411fb7bc6afb,IDCToken,0,0,0,0,0,0
0x409a40058e7f70592d627fcc4a03a65b8423964e,TokenDemo,0,0,0,0,0,0
0xea26c4ac16d4a5a106820bc8aee85fd0b7b2b664,QuarkChainToken,0,10,0,0,0,0
0x151202c9c18e495656f372281f493eb7698961d5,DebitumToken,0,0,0,0,0,0
0xbd1f397669e5140466481577cba444be7ebc36de,HumanStandardToken,0,0,0,0,0,0
0x16c1e5baf21b9fa4bc9f2c374e4dc19fab5ac5dc,TokenERC20,0,0,0,0,0,0
0xf8c2cbd173e1c700c44b447e1e939025aa89ac98,CustomToken,0,10,0,0,0,0
0xae8488e75493b89a0e1488bf91542208c416f486,Token,0,0,0,0,0,0
0x791425156956e39f2ab8ab06b79de189c18e95e5,IcoBayToken,0,0,0,0,0,0
0xd341d1680eeee3255b8c4c75bcce7eb57f144dae,onG,0,0,0,0,0,0
0x5da8d37485b4374fc338fc1f1ea31d07eb7bedd3,TuzyCoin,0,0,0,0,0,0
0x68d57c9a1c35f63e2c83ee8e49a64e9d70528d25,SirinSmartToken,0,0,0,0,0,0
0x2604fa406be957e542beb89e6754fcde6815e83f,PKT,0,0,0,0,0,0
0xb4a3fb248d39370c1f8081b73fa7098167c8142b,LPCWalletReserveWrapper,0,0,0,0,0,0
0xffa93aacf49297d51e211817452839052fdfb961,DistributedCreditChain,0,0,0,0,0,0
0xfc0555aca4a78be9668993b39739d1d2616c75b0,PFAToken,0,6,0,0,0,0
0xdc52a972f6f570906b514845a13ade93cd0710b3,SoCoToken,0,0,0,0,0,0
0x8912358d977e123b51ecad1ffa0cc4a7e32ff774,MyAdvancedToken,0,0,0,0,0,0
0xbed6dab1d94df80ff2517ac22a1217513167fd13,Bastonet,0,0,0,0,0,0
0x0710b295f364b4d23ec92c66145b6be6f22673f3,HumanStandardToken,0,0,0,0,0,0
0x1dea979ae76f26071870f824088da78979eb91c8,SpindleToken,0,0,0,0,0,0
0x1d077a1d4aea0b006deb50a066062a379f4493d4,Alluma,0,0,0,0,0,0
0xf249597dc110dcc64ea38f643d7c31a07e0e4b14,UserWallet,0,0,0,0,0,0
0x7c84e62859d0715eb77d1b1c4154ecd6abb21bec,ShpingCoin,0,0,0,0,0,0
0xeb7c20027172e5d143fb030d50f91cece2d1485d,EBTC,0,0,7,8,0,0
0xf4f8ab8c5db70c8aa8fe22fd8a86505125ef2b3e,ECH,0,10,0,0,0,0
0x80aca0cc90f51dda451fd00d07f697dacaa9643b,HumanStandardToken,0,0,0,0,0,0
0xce853db3359326db6d03981c9fb42983bbcdd007,Penis,0,10,0,0,0,0
0xf355164187e533b1969b4de46737c4e8bc9ae7e2,MASToken,0,0,0,0,0,0
0xe9bf74656fac252a3c2cc738803a2d50345bc323,TokenReward,0,0,0,0,0,0
0xe79cf9b7d14b87b84e8339485458f17fce3adf72,KLSToken,0,0,0,0,0,0
0x49592d97be49033615a7fbc02c6853e4c58eb9bc,TokenERC20,0,0,0,0,0,0
0x9b68bfae21df5a510931a262cecf63f41338f264,NewDecentBetToken,0,0,0,0,0,0
0xb5e44bd503716c939ebbee53e79dc688b1be88dd,TokenERC20,0,0,0,0,0,0
0xf1e305a67befd5e736cbcb3fa99449bb391a99a6,CustomToken,0,10,0,0,0,0
0xf3db5fa2c66b7af3eb0c0b782510816cbe4813b8,EVXToken,0,0,0,0,0,0
0x686e5ac50d9236a9b7406791256e47feddb26aba,AutonomousConverter,0,0,0,0,0,0
0x6fb3e0a217407efff7ca062d46c26e5d60a14d69,IoTeXNetwork,0,0,0,0,0,0
0x8b40761142b9aa6dc8964e61d0585995425c3d94,TripioToken,0,0,0,0,0,0
0x83cee9e086a77e492ee0bb93c2b0437ad6fdeccc,MNTP,0,0,0,0,0,0
0xbd949595ee52346c225a19724084ce517b2cb735,XRT,0,0,0,0,0,0
0x95e2b4d841e91b29f9d1a4e2d56b2c8485f4c9fe,UserWallet,0,0,0,0,0,0
0x6c2adc2073994fb2ccc5032cc2906fa221e9b391,DelphyToken,0,0,0,0,0,0
0x1afafc35b364595f06e89a0429c5762452eb7ffd,CXTCContract,0,1,0,0,0,0
0x1b793e49237758dbd8b752afc9eb4b329d5da016,ViteToken,0,0,0,0,0,0
0xf207ccfe6d1b90b0b7817ce2d5d262af1514e37b,GraphGrailAiToken,0,0,0,0,0,0
0x9cd49d956f9a5964d304354936ab00754173435b,CrowdSaleTeleToken,0,0,0,0,0,0
0x4de2573e27e648607b50e1cfff921a33e4a34405,LendroidSupportToken,0,0,0,0,0,0
0xadd9b56a2be55b6310ca4d9412381863c6d74bc9,Token,0,0,0,0,0,0
0x33d99efc0c3cc4f93da6931ec2cccf19ca874b6d,_0xLitecoinToken,0,0,0,0,0,0
0x888666ca69e0f178ded6d75b5726cee99a87d698,IconomiToken,0,0,0,0,0,0
0xd204616e2ecf6d0b27ee79207c4ba54f91182a9d,YunKaiCoin,0,0,0,0,0,0
0x6b27bfd273ec79a64a62b4b3a18a89045c2389b1,TokenERC20,0,0,0,0,0,0
0xcb378ea13660951792ab37bcd8e1188e385d15c5,EKToken,0,0,0,0,0,0
0x1f2367d095f214425c1972d85949c4e96f65eb4f,TokenERC20,0,0,0,0,0,0
0xdd16ec0f66e54d453e6756713e533355989040e4,TenToken,0,0,0,0,0,0
0xebbdf302c940c6bfd49c6b165f457fdb324649bc,HydroToken,0,0,0,0,0,0
0xe3818504c1b32bf1557b16c238b2e01fd3149c17,PillarToken,0,0,0,0,0,0
0xd37532d304214d588aeeac4c365e8f1d72e2304a,FCoinToken,0,0,0,0,0,0
0xb8105b0d4a9ae55658b418065fea4282a8d2e968,AdvancedToken,0,0,0,0,0,0
0xc218b132d165d5017144734943bc003a4ceaccf8,TokenERC20,0,0,0,0,0,0
0x8eb24319393716668d768dcec29356ae9cffe285,SingularityNetToken,0,0,0,0,0,0
0xa3db33ccfe990fdf89ff311754391b5c3af4ef04,CvcProxy,0,0,0,0,0,0
0x5580894f975ff049857147c8410d9b0db00d9c5e,ASCCToken,0,0,0,0,0,0
0x2bba3cf6de6058cc1b4457ce00deb359e2703d7f,HashCoin,0,0,0,0,0,0
0xf07376f0e3bff57116ed62e5e8e2bb1341e4b4c2,JoorsChainInitialCoin,0,0,0,0,0,0
0x12480e24eb5bec1a9d4369cab6a80cad3c0a377a,MyAdvancedToken,0,0,0,0,0,0
0x6cd1301d61bf7a003642db45367e941b07437da1,CustomToken,0,10,0,0,0,0
0x9b20dabcec77f6289113e61893f7beefaeb1990a,FairToken,0,0,0,0,0,0
0xef51c9377feb29856e61625caf9390bd0b67ea18,Bionic,0,10,0,0,0,0
0x05f4a42e251f2d52b8ed15e9fedaacfcef1fad27,ZilliqaToken,0,0,0,0,0,0
0x464ebe77c293e473b48cfe96ddcf88fcf7bfdac0,KryllToken,0,2,0,0,0,0
0xce1d3da32e3a45d27dc841781f09e40c41cac677,DLBToken,0,0,0,0,0,0
0xacaca5b8805636608e14c64b0bfffc2deb2c6cec,ROMToken,0,0,0,0,0,0
0xc80c5e40220172b36adee2c951f26f2a577810c5,BankeraToken,0,0,0,0,0,0
0xe2d4ea9fd5eccc15ae06b3bc5c6b8778408d42c3,SocialMediaPayToken,0,10,0,0,0,0
0x408e41876cccdc0f92210600ef50372656052a38,RepublicToken,0,0,0,0,0,0
0x005275450e77bfa6bcbd04d85175d5d0f2dfae43,PoolinToken,0,0,0,0,0,0
0xbbc2045d335cb224228f1850b29173d9d7d7b989,HELP ,0,0,0,0,0,0
0x195336ffb6792b8e268d206e985e931e236539d6,ChinaInvestmentExchangeToken,0,0,0,0,0,0
0xc7d9dfa504a61b7f2cce80ca2aadce134b21bb67,MINERTA,0,0,0,0,0,0
0xba1aadcfebff49b0338f63a6a5e0e361e3ed1b6a,HumanStandardToken,0,0,0,0,0,0
0x986ee2b944c42d017f52af21c4c69b84dbea35d8,BMC,0,0,0,0,0,0
0x737f98ac8ca59f2c68ad658e3c3d8c8963e40a4c,AMNToken,0,0,0,0,0,0
0x6468890abb29d2dcf9c81e5d3377a61ff5de63e0,EOCHToken,0,0,0,0,0,0
0xa720911a58d948fc9328560aecfc51e907404fc4,ZeroHooStandardToken,0,0,0,0,0,0
0x4b94c8567763654101f690cf4d54957206383b75,NeoWorldCash,0,0,0,0,0,0
0x454b9f249bc1492ee995793bbc3e57b830f1a5e9,AlphaconCustomToken,0,0,0,0,0,0
0x490c95be16384e1f28b9e864e98ffecfcbff386d,MainToken,0,10,0,0,0,0
0xa849eaae994fb86afa73382e9bd88c2b6b18dc71,MVLToken,0,0,0,0,0,0
0x1460a58096d80a50a2f1f956dda497611fa4f165,CHXToken,0,0,0,0,0,0
0x9992ec3cf6a55b00978cddf2b27bc6882d88d1ec,PolyToken,0,0,0,0,0,0
0x2ba6b1e4424e19816382d15937739959f7da5fd8,TokenERC20,0,0,0,0,0,0
0x770192738485d4794f4222e49501f31e85814cec,TokenERC20,0,0,0,0,0,0
0x9acbca1b2f4ecfae110b14bace23bae23a39fdc6,HumanStandardToken,0,0,0,0,0,0
0x00e3ea0019005cba812824d95814d7133ed616b7,FinderHyper,0,10,0,0,0,0
0x519475b31653e46d20cd09f9fdcf3b12bdacb4f5,VIUToken,0,0,0,0,0,0
0x567300e14f8d67e1f6720a95291dce2511a86723,HelperSearchToken,0,0,0,0,0,0
0x20591e6a64ca0b60f2c40769aed7295e1843051e,SimpleChildToken,0,0,0,0,0,0
0x168296bb09e24a88805cb9c33356536b980d3fc5,RHOC,0,0,0,0,0,0
0x11b7b40fcba2a583db3b354e7bcfc9488bf3d34f,UserWallet,0,0,0,0,0,0
0x6ec8a24cabdc339a06a172f8223ea557055adaa5,GNX,0,0,0,0,0,0
0x741f58cd68d24f361cc0ee0d3aaf7df2bf16132e,BlockonixToken,0,10,0,0,0,0
0x5a9f1cd844ce91aaadaa03059677eebcf3cf00df,BancorConverter,0,0,0,0,0,0
0x4d305c2334c02e44ac592bbea681ba4cc1576de3,RepuX,0,0,0,0,0,0
0xe41d2489571d322189246dafa5ebde1f4699f498,ZRXToken,0,0,0,0,0,0
0x4d633597b189a72367aeab84d5155b49ebff396f,HumanStandardToken,0,0,0,0,0,0
0x85429f986a5cc38f90de7b4ffa44d570eef04066,KinguinVault,0,0,0,0,0,0
0x3136ef851592acf49ca4c825131e364170fa32b3,CoinFiToken,0,0,0,0,0,0
0x3b4b29c4c1872a60d09937686bd2b358db9dee8a,TeacherCoin,0,10,0,0,0,0
0xa5b46ff9a887180c8fb2d97146398ddfc5fef1cd, SuperSkyNet,0,0,0,0,0,0
0xb9a824e6dc289c57fac91c16c77e37666cce20e5,SmartToken,0,0,0,0,0,0
0xbb0ef9e617faddf54b8d16e29046f72b4d3ec77f,PepToken,0,0,0,0,0,0
0xb9bb08ab7e9fa0a1356bd4a39ec0ca267e03b0b3, PAIStandardToken,0,0,0,0,0,0
0x578c7557d207e87e8232cd69d94f41a9a136a5fe,DQCoin,0,0,0,0,0,0
0xfc05987bd2be489accf0f509e44b0145d68240f7,ESSENTIA,0,10,0,0,0,0
0xcb6229a13ef4fcfa600294d3e75c1e8456fe012f,DoctorsChain,0,0,0,0,0,0
0x08f5a9235b08173b7569f83645d2c7fb55e8ccd8,TierionNetworkToken,0,0,0,0,0,0
0xad77d1f9ca9679794933e2e05d28592d565f8874,UserWallet,0,0,0,0,0,0
0xb97048628db6b661d4c2aa833e95dbe1a905b280,PayToken,0,0,0,0,0,0
0x46492473755e8df960f8034877f61732d718ce96,StandardToken,0,0,0,0,0,0
0xdbb409e7c15f58186775959850df18967f7deade,BECCToken,0,10,0,0,0,0
0xdeaddb9958627b660b0feefcae6b60349e10a4f5,DTOToken,0,0,0,0,0,0
0x183630c3afa08957e588eaa26b748cc5c2d42dc6,PCT,0,0,0,0,0,10
0x96b0bf939d9460095c15251f71fda11e41dcbddb,MainToken,0,0,0,0,0,0
0x739761d38a0d86a48fa4f82be14b0254bbce1fb4,HumanStandardToken,0,0,0,0,0,0
0xc2dc733d52f00c3fddc38768305e4b36201f59ab,DCCAdvancedToken,0,0,0,0,0,0
0x1e26b3d07e57f453cae30f7ddd2f945f5bf3ef33,ClearCoin,0,0,0,0,0,0
0x1a7a8bd9106f2b8d977e08582dc7d24c723ab0db,AMLToken,0,0,0,0,0,0
0xf1def7f0e620f39531eb352fe13da6825218e7df,BITDINERO,0,10,0,0,0,0
0x32b7a3018e4b832dea848786348164667ec030f3,Molecule,0,0,0,0,0,0
0x1985365e9f78359a9b6ad760e32412f4a445e862,Delegator,0,0,0,0,0,0
0x79650799e7899a802cb96c0bc33a6a8d4ce4936c,AIT_TokenERC20,0,0,0,0,0,0
0xdc7b3fd9b42a4102cb9cb9b14ea5d79c4fb16fc0,LBToken,0,0,0,0,0,0
0x84936cf7630aa3e27dd9aff968b140d5aee49f5a,TokenERC20,0,0,0,0,0,0
0xd7016954ec76535ff8653cdff432aec2429b38f8,UserWallet,0,0,0,0,0,0
0x0d152b9ee87ebae179f64c067a966dd716c50742,SimpleChildToken,0,0,0,0,0,0
0x89332542b57621dbee1e305b30b0e02f86283100,MainToken,0,10,0,0,0,0
0x93581c29851e171f9a0d665122b4f50f7d5ef63f,Digitcashcoin,0,10,0,0,0,0
0x6425c6be902d692ae2db752b3c268afadb099d3b, RestartEnergyToken,0,0,0,0,0,0
0xc5bbae50781be1669306b9e001eff57a2957b09d,Gifto,0,0,0,0,0,0
0xdbf3bf0c3ff7d43769d5150daa90f0014a0e2c4c,ERC20Token,0,0,0,0,0,0
0x671077c16f819d629c5ddcc23d730a4a5ab928cd,GFC,0,0,0,0,0,0
0xf37c9c01000f69976eaa489c450912ad8f18a40c,SZ,0,0,0,0,0,0
0xb2a2a66d2a813ac32b940c406f14a06b390d442a,MCCToken,0,0,0,0,0,0
0xf083f40599741bc576173b492268972ce661e5ec,NetkillerAdvancedToken,0,0,0,0,0,0
0xc02aaa39b223fe8d0a0e5c4f27ead9083c756cc2,WETH9,0,0,9,10,0,0
0x34094acd5d62f0b9a17aeabf3c6992677ed5484b,DNCEQUITY,0,0,0,0,0,0
0xd8e25f06eb825972a89a54683162a9915ad6cb0f,MyAdvancedToken,0,0,0,0,0,0
0x8e409afbb6f290a3455107849e66b2b56535dfb7,ISCoin,0,0,0,0,0,0
0x944c5aeb0b5b542bbdda52935cd5bd19ee56152c,CustomToken,0,10,0,0,0,0
0x624d520bab2e4ad83935fa503fb130614374e850,SmartshareStandardToken,0,0,0,0,0,0
0xc4838a37422ddd180f6bf34393873b1489db6faa,CATT,0,0,0,0,0,0
0xd4c435f5b09f855c3317c8524cb1f586e42795fa,CND,0,0,0,0,0,0
0xa4342c85a9a19b8d2c66e8b6821238cbacfa82c3,Token,0,0,0,0,0,0
0x21c1720f9330496bc19553ce335dea7d4b70e426,AdvanceToken,0,0,0,0,0,0
0x05d412ce18f24040bb3fa45cf2c69e506586d8e8,HexelErc20Token,0,0,0,0,0,0
0x0aab3ac447ea90739bdbe4e0e00af0a54038904a,AirWare,0,0,0,0,0,0
0x1c79ab32c66acaa1e9e81952b8aaa581b43e54e7,TeamToken,0,0,0,0,0,0
0x54257fcaaa8e50ae9a47bf3afe054756fb1230f6,TBLToken,0,0,0,0,0,0
0x0cf0ee63788a0849fe5297f3407f701e122cc023,CrowdsaleToken,0,0,0,0,0,0
0xf0ee6b27b759c9893ce4f094b49ad28fd15a23e4, EnigmaToken,0,0,0,0,0,0
0xc5b106f17246b2f5c0c658dbd6e8d168695806ab,SIEToken,0,0,0,0,0,0
0x41875c2332b0877cdfaa699b641402b7d4642c32,FUTURAX,0,10,0,0,0,0
0xbb49a51ee5a66ca3a8cbe529379ba44ba67e6771,CrowdsaleToken,0,0,0,0,0,0
0xa9e48067998b18cb36f964e18b5f36f191b3b025,SOLEToken,0,0,0,0,0,0
0x1f573d6fb3f13d689ff844b4ce37794d79a7ff1c,SmartToken,0,0,0,0,0,0
0x6810e776880c02933d47db1b9fc05908e5386b96,GnosisToken,0,0,0,0,0,0
0xf970b8e36e23f7fc3fd752eea86f8be8d83375a6,RCNToken,0,0,0,0,0,0
0x78f5bbc74fb9137a75d85f3c9c3c599be49f0a56,SmartIdeaTokenERC20,0,0,0,0,0,0
0x0d1c63e12fde9e5cada3e272576183aba9cfeda2,ZenswapNetworkToken,0,0,0,0,0,10
0x5b0ea5b1735046b2e10ee8feb404d2d5f1e1ad4b,EMBCToken,0,0,0,0,0,0
0xbab165df9455aa0f2aed1f2565520b91ddadb4c8,EKT,0,0,0,0,0,0
0x3dc6408c31a50a51d14e0e6425c5059953832c6a,TokenERC20,0,0,0,0,0,0
0x57c75eccc8557136d32619a191fbcdc88560d711,VDGToken,0,0,0,0,0,0
0x48116961de03abdc79559bc84df6984fbc025cca,TokenERC20,0,0,0,0,0,0
0x27d99a6d64e8fd38a47fb87df2d80867d6c1592c,MagicKeys,0,0,0,0,0,0
0x3495ffcee09012ab7d827abf3e3b3ae428a38443,BecToken,0,0,0,0,0,0
0x9a794dc1939f1d78fa48613b89b8f9d0a20da00e,ABXToken,0,0,0,0,0,0
0x5b7cfbee45509b89417f26bbc28a8de11bca3726,AirdropSmart,0,10,0,0,0,0
0x0c4f5a470e44303a711790ad92b0f54d8ac776f1,TokenERC20,0,0,0,0,0,0
0xebc7cd2684dd96619841c7994343c5a8bda94b10,KWHToken,0,0,0,0,0,0
0x78b7fada55a64dd895d8c8c35779dd8b67fa8a05,ATL,0,0,0,0,0,0
0x6ba083855c2a5b11fa557c853d73f4c215d6866c,MotionToken,0,0,0,0,0,0
0x814e0908b12a99fecf5bc101bb5d0b8b5cdf7d26,MDToken,0,0,0,0,0,0
0x81c9151de0c8bafcd325a57e3db5a5df1cebf79c,DATToken,0,0,0,0,0,0
0x97bc59dc4741a4f51368c360db022200e8ff0ae9,HumanStandardToken,0,0,0,0,0,0
0xd2dcba99f8936e576c533c04d25edbc9f762818e,MyUserToken,0,0,0,0,0,0
0x8dbf4d457929f339d4742dd45de28bed97b7d635,DIYToken,0,0,0,0,0,0
0xcbc05fb65736ad12bd1a8b441bfeece416c0bcb8,Token,0,0,0,0,0,0
0xd99b8a7fa48e25cce83b81812220a3e03bf64e5f,SkrumbleToken,0,0,0,0,0,0
0x7995ab36bb307afa6a683c24a25d90dc1ea83566,HitToken,0,0,0,0,0,0
0x816051e2203ca534c4336d8d6df71987fa3ae0bd,FunKoin,0,10,0,0,0,0
0xa765046a42162329b572692ae90b63914454002f,BGCGToken,0,0,0,0,0,0
0x5e3346444010135322268a4630d2ed5f8d09446c,LockChain,0,0,0,0,0,0
0xced4e93198734ddaff8492d525bd258d49eb388e,EidooToken,0,0,0,0,0,0
0x3893b9422cd5d70a81edeffe3d5a1c6a978310bb,MithrilToken,0,0,0,0,0,0
0xed61627b7af399ea7a11f55a03c557cd745c35ba,BTCCToken,0,0,0,0,0,0
0xece83617db208ad255ad4f45daf81e25137535bb,Invacio,0,10,0,0,0,0
0x29536b7ca7029b5cddeb03c0451715615aca35ba,NewOSToken,0,0,0,0,0,0
0xf4bad71b99fe2d4d31f9c7b7f7fec5a29062f29e,UserWallet,0,0,0,0,0,0
0x1d72e76e38c815b9f91661c340949e8673e897b3,TokenERC20,0,0,0,0,0,10
0x57ad67acf9bf015e4820fbd66ea1a21bed8852ec,LympoToken,0,0,0,0,0,0
0xbde6ff7ff944aa8ef554410572dfee184d25302a,ABBToken,0,0,0,0,0,0
0x5c3a228510d246b78a3765c20221cbf3082b44a4,STQToken,0,0,0,0,0,0
0xa4fb385820a9eef842a419e08f8540fd7d1bf6e8,BeeStoreHoneyToken,0,0,0,0,0,0
0x4092678e4e78230f46a1534c0fbc8fa39780892b,OCoin,0,0,0,0,0,0
0x95daaab98046846bf4b2853e23cba236fa394a31,EtheremonToken,0,0,0,0,0,0
0x4cc19356f2d37338b9802aa8e8fc58b0373296e7,SelfKeyToken,0,0,0,0,0,0
0x3685ee91777e3ed4ba4122c429c504df833c3b26,HumanStandardToken,0,0,0,0,0,0
0x9817c4d9c7ab47eadd5e990266ce990706884516,HumanStandardToken,0,0,0,0,0,0
0xeb6b317d9f72818d695828f8f94f58d43c0796ea,UserWallet,0,0,0,0,0,0
0x984c134a8809571993fd1573fb99f06dc61e216f,ArtChainToken,0,0,0,0,0,0
0x388fd8a5145d6ef85aae14d494f93df9d1c7c00c,BTRL,0,0,0,0,0,0
0xf278c1ca969095ffddded020290cf8b5c424ace2,RuffToken,0,0,0,0,0,0
0xd42debe4edc92bd5a3fbb4243e1eccf6d63a4a5d,CarboneumToken,0,0,0,0,0,0
0x1dc2189b355b5f53b5fdf64d22891900b19fb5ea,ABEToken,0,0,0,0,0,0
0xd29f0b5b3f50b07fe9a9511f7d86f4f4bac3f8c4,LQD,0,0,0,0,0,0
0x156fe4fc72b118d43d9d5aae1cee591aac9c2543,Nusatoken,0,0,0,0,0,0
0xa74476443119a942de498590fe1f2454d7d4ac0d,GolemNetworkToken,0,0,0,0,0,0
0x0f71b8de197a1c84d31de0f1fa7926c365f052b3,ArconaToken,0,0,0,0,0,0
0x5b2e4a700dfbc560061e957edec8f6eeeb74a320,INSToken,0,0,0,0,0,0
0x1864ce27e9f7517047933caae530674e8c70b8a7,PibbleToken,0,0,0,0,0,0
0x11b3997a9f2027c80397aaba591b26e09d524ff2,UserWallet,0,0,0,0,0,0
0x33fbc07d9d9456d9e6d8316aa87792a20d3ad448,MECoin,0,0,0,0,0,0
0x0e3de3b0e3d617fd8d1d8088639ba877feb4d742,IceRockPay,0,0,0,0,0,0
0xdd974d5c2e2928dea5f71b9825b8b646686bd200,KyberNetworkCrystal,0,0,0,0,0,0
0x01ff50f8b7f74e4f00580d9596cd3d0d6d6e326f,BftToken,0,0,0,0,0,0
0x0947b0e6d821378805c9598291385ce7c791a6b2,LendingBlockToken,0,0,0,0,0,0
0x10086399dd8c1e3de736724af52587a2044c9fa2,TMTG,0,0,0,0,0,0
0x33bd43ba9c71968c132f61246a79c18f9bdf0267,BouncyCoinSelfdrop,0,0,0,0,0,0
0xd967acb1fb0d9e3ed6991590de6f373abd75d0b7,Microverse,0,0,0,0,0,0
0xe469c4473af82217b30cf17b10bcdb6c8c796e75,HumanStandardToken,0,0,0,0,0,0
0x34364bee11607b1963d66bca665fde93fca666a8,YOUToken,0,10,0,0,0,0
0x79d83b390cf0edf86b9efbe47b556cc6e20926ac,SmartToken,0,0,0,0,0,0
0x2cd9324ba13b77554592d453e6364086fbba446a,HumanStandardToken,0,0,0,0,0,0
0xd6076efe1e577deec21afab6ed383b47e9d8dec6,MintableNFT,0,0,0,0,0,0
0xc785d0f0b131ee3a9507c3b97db49ba0e78a4f66,NetareumToken,0,10,0,0,0,0
0x2d0e95bd4795d7ace0da3c0ff7b706a5970eb9d3,AllSportsCoin,0,0,0,0,0,0
0xbc4191167d4b0251cab5201a527daa8a7d3846b0,NovaBox,0,0,0,0,0,0
0xc1be799897b80cd3043d7cb7ce94ffbd6c6fbabb,ReferToken,0,0,0,0,0,0
0xfd107b473ab90e8fbd89872144a3dc92c40fa8c9,CrowdsaleToken,0,0,0,0,0,0
0xb110ec7b1dcb8fab8dedbf28f53bc63ea5bedd84,XID,0,0,0,0,0,0
0x588047365df5ba589f923604aac23d673555c623,NaviToken,0,0,0,0,0,0
0xa0b86991c6218b36c1d19d4a2e9eb0ce3606eb48,FiatTokenProxy,0,0,0,0,0,0
0x9e16aa51586227fb3ff07ff6056a127b6c8b328c,IPTGlobal,0,0,0,0,0,0
0xa5e99ad202bdd71d3518306cf4dd163261981af1,MyAdvancedToken,0,0,0,0,0,0
0x465aabb731db0bf604426215bffdfaaceebe77fb,TokenERC20,0,0,0,0,0,0
0x2c82c73d5b34aa015989462b2948cd616a37641f,SpectreUtilityToken,0,0,0,0,0,0
0x1d41e18e8ed1ef148547ceade01912e638f464b8,Casper,0,10,0,0,0,0
0x24700a297960e8477ce3ca6c58b70a7af3410398,OasisCity,0,0,0,0,0,0
0x4289c043a12392f1027307fb58272d8ebd853912,TokenERC20,0,0,0,0,0,0
0x568f9f32969e29b5ce1a4545be5398e8cc7c4401,Fivebalance,0,0,0,0,0,0
0xd65960facb8e4a2dfcb2c2212cb2e44a02e2a57e,SoarCoin,0,0,0,0,0,0
0xe5e7695964b3ddef08afc666c615fe2ef1b16b0b,TokenERC20,0,0,0,0,0,0
0x5ca9a71b1d01849c0a95490cc00559717fcf0d1d,AEToken,0,2,0,0,0,0
0x8dd5fbce2f6a956c3022ba3663759011dd51e73e,TrueUSD,0,0,0,0,0,0
0x56e37b6b79d4e895618b8bb287748702848ae8c0,KyberReserve,0,0,0,0,0,0
0x2e82ef5965cccedb31f5e08c26d59c75d5b1f7e5,UserWallet,0,0,0,0,0,0
0x83053843161ef9fe5b44211a56d2adf201bedef9,TokenERC20,0,0,0,0,0,0
0x0fca70a8c68d71b3fdadddf670002f7cc605a287,UtradeToken,0,0,0,0,0,0
0x6cb1c2b61e24ad08bf5fff4d2b13ea987d211a88,ERC20Token,0,0,0,0,0,0
0xd84af389321b4b1f373981478b01d0ef111e44ab,UserWallet,0,0,0,0,0,0
0x9a005c9a89bd72a4bd27721e7a09a3c11d2b03c4,StarterCoin,0,0,0,0,0,0
0x70aa2ba250e71850b457e5dae83fe0e883a4c3a5,Penchant,0,3,0,0,0,0
0x92736b3bff1bbd72a72478d78f18a6ab9b68b791,SatisfactionToken,0,0,0,0,0,0
0x03d76c44ae54839615ffac62a362983f1f1b5039,MICE,0,0,0,0,0,0
0x206fa533745f133904480948283f3515dc625e7b,UserWallet,0,0,0,0,0,0
0xcb324e4c8c1561d547c38bd1d4a3b12a405b8019,PVBToken,0,0,0,0,0,0
0x385ed61627a1f2d2851fb686bc40f33944953ef5,FeeMultiToken,0,0,0,0,0,0
0x80a7e048f37a50500351c204cb407766fa3bae7f,CrypteriumToken,0,0,0,0,0,0
0x2af707df7d26756d70a0a90483a68b11b63f7ec3,GRAChain,0,0,0,0,0,0
0xfd45e61e085b3e7a1990a47828d757755b206eee,CoinParkToken,0,0,0,0,0,0
0x4b04633ee658d83a24a91e3a1b244221800d89b4,RiskToken,0,0,0,0,0,0
0x737fa0372c8d001904ae6acaf0552d4015f9c947,medibitToken,0,0,0,0,0,0
0xf629cbd94d3791c9250152bd8dfbdf380e2a3b9c,ENJToken,0,0,0,0,0,0
0x91cdb5bb5969bfed2373e97378354052bbc606f2,DRCToken,0,0,0,0,0,0
0xa99f34b4672ff3a9837fd93dea375ccfbb83c89a,Bitcaritas,0,0,0,0,0,0
0xbbff862d906e348e9946bfb2132ecb157da3d4b4,SharderToken,0,10,0,0,0,0
0x71a982a028c9d4b0566041a78df12b810462e155,TFcoin,0,0,0,0,0,0
0x63833cb5346bf1db0b401a2a25b9503839e4ed31,Token,0,0,0,0,0,0
0xc324a2f6b05880503444451b8b27e6f9e63287cb,CentrallyIssuedToken,0,0,0,0,0,0
0x8cd5bd50519cacb11e1a91fa66609e77f2bdd485,FullPayChain,0,0,0,0,0,0
0x4156d3342d5c385a87d264f90653733592000581,Salt,0,0,0,0,0,0
0xddaaf4a0702a03a4505f2352a1aba001ffc344be,ATCCOIN,0,0,0,0,0,0
0x36507ec3cc5216fd4a50b70c4451def25a33c87e,HumanStandardToken,0,0,0,0,0,0
0x4bffc9b4d4dcf730820a2edcad48ff5d7e0ae807,INC,0,10,0,0,0,0
0xeee2d00eb7deb8dd6924187f5aa3496b7d06e62a,Tigereum,0,0,0,0,0,0
0xc8650a5381b62e2e75f5db74c1e0425f745fc960,NASTToken,0,0,0,0,0,0
0x0317ada015cf35244b9f9c7d1f8f05c3651833ff,Token,0,0,0,0,0,0
0xbdc5bac39dbe132b1e030e898ae3830017d7d969,BsToken_SNOV,0,10,0,0,0,0
0xa39631972f19a8be52bd95455440d984f27e8f85,HumanStandardToken,0,0,0,0,0,0
0x9195e00402abe385f2d00a32af40b271f2e87925,EtheeraToken,0,0,0,0,0,0
0x9cb4f3f243d621359fbbde2473f94f991a5b987a,DappToken,0,10,0,0,0,0
0x251032a3435c9793beb8ebe1b72f69277c443852,Pgc,0,0,0,0,0,0
0x007ac2f589eb9d4fe1cea9f46b5f4f52dab73dd4,SKWToken,0,0,0,0,0,0
0xe25bcec5d3801ce3a794079bf94adf1b8ccd802d,MANToken,0,0,0,0,0,0
0xe12128d653b62f08fbed56bdeb65db729b6691c3,BreezeCoin,0,10,0,0,0,0
0x626bfbbf2ba0446aa105e3b8da2d38130cc2c5ae,HumanStandardToken,0,0,0,0,0,0
0xcfac2916ec118a0252a7766c513ee7c71b384b5e,HoryouToken,0,3,0,1,3,0
0xfd8971d5e8e1740ce2d0a84095fca4de729d0c16,ZillaToken,0,0,0,0,0,0
0xabc1280a0187a2020cc675437aed400185f86db6,sacToken,0,0,0,0,0,0
0x1c1c14a6b5074905ce5d367b0a7e098b58ebfd47,FidexToken,0,10,0,0,0,0
0xde1e0ae6101b46520cf66fdc0b1059c5cc3d106c,DeltaToken,0,10,0,0,0,0
0x50212e78d96a183f415e1235e56e64416d972e93,MintHelper,0,0,0,0,0,0
0xbf9c19eba58f5b1156cadda12ca58f20cff9b699,TokenERC20,0,0,0,0,0,0
0x4ceda7906a5ed2179785cd3a40a69ee8bc99c466,Token,0,0,0,0,0,0
0x77cbac08376d5095a4b1a5e7ac283229cb70a69b,BCBToken,0,0,0,0,0,0
0x7e9af161df2480ea768099ad41cc20a7681a97ea,TokenERC20,0,0,0,0,0,0
0xdd4e22d694e298d11143f510cf9723c5a88d8bb2,CustomToken,0,10,0,0,0,0
0x53066cddbc0099eb6c96785d9b3df2aaeede5da3,PNTToken,0,0,0,0,0,0
0x4c29be83d5dc0bb45faffa6af3f35a7b5862ff54,CustomToken,0,10,0,0,0,0
0x5944e3212171d1809fb61c906836e33fef929e46,CustomToken,0,10,0,0,0,0
0x5eb87caa0105a63aa87a36c7bd2573bd13e84fae,BQT,0,0,0,0,0,0
0xe7d7b37e72510309db27c460378f957b1b04bd5d,EMPR,0,0,0,0,0,0
0xcb97e65f07da24d46bcdd078ebebd7c6e6e3d750,HumanStandardToken,0,0,0,0,0,0
0x249f71f8d9da86c60f485e021b509a206667a079,SingularDTVToken,0,0,0,0,0,0
0xdf347911910b6c9a4286ba8e2ee5ea4a39eb2134,BOBToken,0,0,0,0,0,0
0xcc13fc627effd6e35d2d2706ea3c4d7396c610ea, IDXM,0,0,0,0,0,0
0xcf78302de0dc000693d79ae44de1a28942989ad7,PAYA,0,0,0,0,0,0
0x0235fe624e044a05eed7a43e16e3083bc8a4287a,OriginalToken,0,0,0,0,0,0
0xa4d17ab1ee0efdd23edc2869e7ba96b89eecf9ab,TRUEToken,0,0,0,0,0,0
0x219218f117dc9348b358b8471c55a073e5e0da0b,GRX,0,2,0,0,0,10
0xbeb6fdf4ef6ceb975157be43cbe0047b248a8922,ARPToken,0,0,0,0,0,0
0xbb1f24c0c1554b9990222f036b0aad6ee4caec29,CryptosoulToken,0,0,2,2,0,0
0xadf8b8050639b6236915f7516d69de714672f0bf,Scanetchain,0,0,0,0,0,0
0x5d25864d4a0ffcb6b2b214ff3320a3a5029fb503,HumanStandardToken,0,0,0,0,0,0
0xc4bcd64cb216d49fd3c643a32762f34626b45a1a,CosmoCoin,0,0,0,0,0,0
0xdde12a12a6f67156e0da672be05c374e1b0a3e57,JoyToken,0,0,0,0,0,0
0x444a26b5ab3edb28be8cd462c48b922594f8e175,UserWallet,0,0,0,0,0,0
0x31ef800f7bb918aa61b979745c56d43cd2999bbc,CustomToken,0,10,0,0,0,0
0x02f2d4a04e6e01ace88bd2cd632875543b2ef577,CustomToken,0,10,0,0,0,0
0x1d4105534da120da243281cfc3f26aaf038e2d6f,YOOBAToken,0,0,0,0,0,0
0x53e28b07e0795869b727ee4d585b3c025b016952,TTCToken,0,0,0,0,0,0
0x41688f411f43bfc4527e8c19de85eacd4b46591c,HumanStandardToken,0,0,0,0,0,0
0xc9c4d9ec2b44b241361707679d3db0876ac10ca6,POCToken,0,10,0,0,0,0
0x63825c174ab367968ec60f061753d3bbd36a0d8f,KyberReserve,0,0,0,0,0,0
0xf41861f194e7ba8de95144a89e0c6ed16ee0b3a0,ShowCoinToken,0,0,0,0,0,0
0x8ba49452e12449240425de9895b1aa51f5f3b90d,GMile,0,0,0,0,0,0
0xbc86727e770de68b1060c91f6bb6945c73e10388,InkProtocol,0,0,0,0,0,0
0x7b188a8b3a2113621895fb35fc67a779caffa92d,QOSToken,0,0,0,0,0,0
0xf263292e14d9d8ecd55b58dad1f1df825a874b7c,EduCoin,0,0,0,0,0,0
0x37f04d2c3ae075fad5483bb918491f656b12bdb6,Vestchain,0,0,0,0,0,0
0x597cd1b89f4114dc8d59b0598d15d023d873a006,EcomethToken,0,0,0,0,0,0
0x0a5dc2204dfc6082ef3bbcfc3a468f16318c4168,PandaGoldToken,0,10,0,0,0,0
0xd6c05813e6869946d39079376663101d713a6ef8,SSO,0,0,0,0,0,0
0x49b127bc33ce7e1586ec28cec6a65b112596c822,ALAX,0,0,0,0,0,0
0x056fd409e1d7a124bd7017459dfea2f387b6d5cd,ERC20Proxy,0,0,0,0,0,0
0xe54421045f4dabb0a8955d397dac442685d75938,UserWallet,0,0,0,0,0,0
0x76960dccd5a1fe799f7c29be9f19ceb4627aeb2f,REDToken,0,10,0,0,0,0
0x35ac488b773dac506ee857895ee9dc34b250f313,Mineral,0,0,0,0,0,0
0x5a052a1c0c2d846dd6d1f2a295ca88b67a82cf5c,UserWallet,0,0,0,0,0,0
0xbf8c75e09e459e122a974c1815314210adfeaa51,PingPaid,0,10,0,0,0,0
0x69c4bb240cf05d51eeab6985bab35527d04a8c64,ElementToken,0,0,0,0,0,0
0x9a0242b7a33dacbe40edb927834f96eb39f8fbcb,BaxToken,0,0,0,0,0,0
0xd20bcbd56d9d551cac10a6bc2a83635bfb72f3f4,FUND,0,0,0,0,0,0
0x780116d91e5592e58a3b3c76a351571b39abcec6,BoxxToken,0,0,0,0,0,0
0x4daeb4a06f70f4b1a5c329115731fe4b89c0b227,QuasacoinToken,0,0,0,0,0,0
0xd2bfceeab8ffa24cdf94faa2683df63df4bcbdc8,DailyDivs,0,0,0,0,0,0
0x9e9801bace260f58407c15e6e515c45918756e0f,WorldUnitedCoinsToken,0,0,0,0,0,0
0x89a7a41a15c3626e059d90506619806b04815e71,UserWallet,0,0,0,0,0,0
0x6b92d76c9d0d40e53019ffa51b6f0c9b6bc657c9,ETHUToken,0,0,0,0,0,0
0x5fa34ce3d7d05e858b50bb38afa91c8b1a045688,SmartCityCoinTestNet,0,0,0,0,0,0
0x3543638ed4a9006e4840b105944271bcea15605d,UNetworkToken,0,0,0,0,0,10
0x8e1b448ec7adfc7fa35fc2e885678bd323176e34,EgretiaToken,0,0,0,0,0,0
0x8f3470a7388c05ee4e7af3d01d8c722b0ff52374,VeritaseumToken,0,7,0,0,0,0
0xca0ca66516108fc5414c7ef66b4d0d8a48bdafd7,HumanStandardToken,0,0,0,0,0,0
0xf4c90e18727c5c76499ea6369c856a6d61d3e92e,INK,0,0,0,3,0,0
0x106aa49295b525fcf959aa75ec3f7dcbf5352f1c,RockToken,0,0,0,0,0,0
0x0f8c45b896784a1e408526b9300519ef8660209c,XmxToken,0,0,0,0,0,0
0x492eea2038aadc701259f3535841ab985c2f9a80,MultiSigWalletWithDailyLimit,0,0,0,0,0,0
0x8746811e33dd09e5652f9953b6721aeec6e582c1,TokenERC20 ,0,0,0,0,0,0
0x131f193692b5cce8c87d12ff4f7aa1d4e1668f1e,DroneToken,0,0,0,0,0,0
0xee609fe292128cad03b786dbb9bc2634ccdbe7fc,PoSToken,0,0,0,0,0,0
0x3cc83c2400e00a54fa1e588d62bc28bf15d5def5,OPTCToken,0,0,0,0,0,0
0x906b3f8b7845840188eab53c3f5ad348a787752f,DoradoToken,0,0,0,0,0,0
0x0707681f344deb24184037fc0228856f2137b02e,FNKOSToken,0,0,0,0,0,0
0x7d8344b6cbe6c2a26d56cbb5af75faebe47a7846,TokenERC20,0,0,0,0,0,0
0xd4fa1460f537bb9085d22c7bccb5dd450ef28e3a,BurnableCrowdsaleToken,0,0,0,0,0,0
0xa37d94e80eab7a5bcb6d2e76b7666e341e4b58f6,PFC,0,0,0,0,0,0
0x088aa889e8653306ea17b5486febd160c65fcc9d,TokenERC20,0,0,0,0,0,0
0xa15c7ebe1f07caf6bff097d8a589fb8ac49ae5b3,NPXSToken,0,0,0,0,0,0
0xedd7c94fd7b4971b916d15067bc454b9e1bad980,ZipToken,0,0,0,0,0,0
0x5b135d7e2774c801a73208f258123d7623e07784,SaifuToken,0,9,0,0,0,0
0x38c87aa89b2b8cd9b95b736e1fa7b612ea972169,AMOCoin,0,0,0,0,0,0
0x7b0cb0481e20448b030deb3f292b61605ecef050,HLCN,0,10,0,0,0,0
0x29f20242051accda50d52a7e272a5f23237e4696,IDH,0,0,0,0,0,0
0xf3db7560e820834658b590c96234c333cd3d5e5e,CoinPokerToken,0,0,0,0,0,0
0x44bf22949f9cc84b61b9328a9d885d1b5c806b41,MozoToken,0,0,0,0,0,0
0x695f0f0db9bc623aacc3efca8a271086c5bcf633,CWCCToken,0,0,0,1,0,0
0x943ed852dadb5c3938ecdc6883718df8142de4c8,TokenERC20,0,0,0,0,0,0
0x744d70fdbe2ba4cf95131626614a1763df805b9e,SNT,0,0,0,0,0,0
0x124c801606be4b90bb46fbb03fc0264b461b821b,Karma20,0,0,0,0,0,0
0xaf8a215e81faea7c180ce22b72483525121813bd,EGCCToken,0,0,0,0,0,0
0x38c6a68304cdefb9bec48bbfaaba5c5b47818bb2,HPBToken,0,0,0,0,0,0
0x533ef0984b2faa227acc620c67cce12aa39cd8cd,XaurumGammaToken,0,0,0,0,0,0
0x6aedbf8dff31437220df351950ba2a3362168d1b,DGS,0,0,0,0,0,0
0xdae5447cec97be20a187244d4a8b4338367680de,GDC,0,0,0,0,0,0
0x4212fea9fec90236ecc51e41e2096b16ceb84555,SixDomainAsset,0,0,0,0,0,0
0xbc2afc039d2bfa67d582ac181dab5be17ec91f82,Mining,0,0,0,0,0,0
0xb6ed7644c69416d67b522e20bc294a9a9b405b31,_0xBitcoinToken,0,0,0,0,0,0
0x42cc49f945b576fb319375be82e97888dbcb68c7,HumanStandardToken,0,0,0,0,0,0
0xe887b563da8f9b5d25774126da44d36136d181e4,TokenERC20,0,0,0,0,0,0
0xadebeafcdcf5de0a5a7f7dfdd467b0e9fb205be9,Token,0,0,0,0,0,0
0x8400d94a5cb0fa0d041a3788e395285d61c9ee5e,UniBrightToken,0,0,0,0,0,0
0x01e45b8d0c51f05f17385dd3416fe3aa5bfd89ac,COINBIG,0,10,0,0,0,0
0x5732046a883704404f284ce41ffadd5b007fd668,BluzelleToken,0,0,0,0,0,0
0x7f121d4ec6c2c07eb6bc7989d91d2d4ff654c068,CoinMeet,0,0,0,0,0,0
0xee5dfb5ddd54ea2fb93b796a8a1b83c3fe38e0e6,Nerves,0,0,0,0,0,0
0x4a220e6096b25eadb88358cb44068a3248254675,StandardToken,0,0,0,0,0,0
0x31ead6a10b5215321afa8bef2f05aa271508fa6c,CustomToken,0,10,0,0,0,0
0x25f735b108b4273fb0aceb87599ed8bba10065de,TileToken,0,0,0,0,0,0
0xe1aee98495365fc179699c1bb3e761fa716bee62,BezantToken,0,0,0,0,0,0
0xef68e7c694f40c8202821edf525de3782458639f,LoopringToken,0,0,0,0,0,0
0xa7774f9386e1653645e1a08fb7aae525b4dedb24,SmartToken,0,0,0,0,0,0
0x4319f9130848544afb97e92cb3ea9fdb4b0a0b2a,SmartToken,0,0,0,0,0,0
0xeda8b016efa8b1161208cf041cd86972eee0f31e,CrowdsaleToken,0,0,0,0,0,0
0xd294fb1b8b1169dc634017f60d9ca36a5701bd7d,TokenBCCO,0,0,0,0,0,0
0x7c7d518689798fd5f9e6ccda4e222b9d6e6f3b97,CrowdsaleTokenExt,0,0,0,0,0,0
0x49e033122c8300a6d5091acf667494466ee4a9d2,MeetOneToken,0,0,0,0,0,0
0xfe7b915a0baa0e79f85c5553266513f7c1c03ed0,HumanStandardToken,0,0,0,0,0,0
0xbf2179859fc6d5bee9bf9158632dc51678a4100e,AElfToken,0,0,0,0,0,0
0x5b86b0d1c304c246282dea0e0f21db2baa429b31,RealAssetToken,0,10,0,0,0,0
0xb48b7e5bf6563b3e0a85055821a83deb8cfc12f6,NOVA,0,0,0,0,0,0
0x4477fb993e8f34605eeb459703e19f54ae4a7684,ChivesToken,0,0,0,0,0,0
0x3e3b311cd6ed7f27432f82a08fbca19141cc0509,PublicWelfareCoin,0,0,0,0,0,0
0x3597bfd533a99c9aa083587b074434e61eb0a258,BurnableCrowdsaleToken,0,0,0,0,0,0
0x1122b6a0e00dce0563082b6e2953f3a943855c1f,CentralityToken,0,10,0,0,0,0
0xafd75caff5c1d402cbf3692e289775438df6a9f0,ABC,0,0,0,0,0,0
0xe5f166c0d8872b68790061317bb6cca04582c912,TEFoods827Token,0,0,0,0,0,0
0x49a7159720cd0541657007265f9a0398a1b53895,Token,0,0,0,0,0,0
0x7878424e994d8a2b8e329d31096922b7ceabe660,ImmVRseTokenContract,0,0,0,0,0,0
0xccf7722a1eef2be04130a3432d01667d02e3bf9a,EverydayTokenStandardToken,0,0,0,0,0,0
0x865ec58b06bf6305b886793aa20a2da31d034e68,MossCoin,0,0,0,0,0,0
0x340d2bde5eb28c1eed91b2f790723e3b160613b7,BlockvToken,0,0,0,0,0,0
0x93190dbce9b9bd4aa546270a8d1d65905b5fdd28,DAPSTOKEN,0,10,0,0,0,0
0xe5dada80aa6477e85d09747f2842f7993d0df71c,DockToken,0,0,0,0,0,0
0x80fb784b7ed66730e8b1dbd9820afd29931aab03,EthLendToken,0,0,0,0,0,0
0xb63b606ac810a52cca15e44bb630fd42d8d1d83d,CrowdsaleToken,0,0,0,0,0,0
0x8fdcc30eda7e94f1c12ce0280df6cd531e8365c5,CpcToken,0,0,0,0,0,0
0x4ab3ffdab88d5a73215b6adb8fb06c0730e2baa4,Tube,0,5,0,0,0,10
0x416e25773bb91054edd2a337056521da25bcb4b5,CustomToken,0,10,0,0,0,0
0xed00a2cba066714999ec703350e0a5b6b7ab66cb,O2OToken,0,0,0,0,0,0
0xb801f917bcfa3da003ec64ae9b90526add3377ef,MD,0,0,0,0,0,0
0x6059f55751603ead7dc6d280ad83a7b33d837c90,HybridBlock,0,10,0,0,0,0
0xe2d7849a75f2b0f05c2057ae106441814e6d3e32,UserWallet,0,0,0,0,0,0
0x5f33d158ca7275848f70a3f149b421190df85b32,PdxToken,0,0,0,0,0,0
0xbd686dd09bedc1eb81451c5972cc7b0e4bce4e3f,LEK,0,0,0,0,0,0
0x28c3395b17b9b5d2093fde7ac78baa33d7c51ea0,HumanStandardToken,0,0,0,0,0,0
0x00763473e9d7c82f38ed843f021e2558d7422ad8,DucatToken,0,0,0,0,0,0
0x6704b673c70de9bf74c8fba4b4bd748f0e2190e1,UbexToken,0,0,0,0,0,0
0xcf26188709a8e78243733d1c348950c6ceb6411b,HumanStandardToken,0,0,0,0,0,0
0x345e9e7e8e686d9b8f9fb4301c14d8c490843495,UserWallet,0,0,0,0,0,0
0xe8ae4367415ccaef40bd8c96331561aac7b8080d,HivePreSale,0,0,0,0,0,0
0x3f06b5d78406cd97bdf10f5c420b241d32759c80,HexelErc20Token,0,0,0,0,0,0
0x7034e8a61e440c6fbec11c039a738880b727b99e,WIKICOIN,0,0,0,0,0,0
0x7833ea847fe0784658037ed3afdaee4ab7b25021,GoalToken,0,0,0,0,0,0
0x93c3a7a88e7fa616bd299e5790d98e72709679a8,SaiLPC,0,0,0,0,0,0
0xb31c219959e06f9afbeb36b388a4bad13e802725,DSToken,0,0,0,0,0,0
0x5f3789907b35dce5605b00c0be0a7ecdbfa8a841,ContentAdNetworkToken,0,0,0,0,0,0
0xff603f43946a3a28df5e6a73172555d8c8b02386,HumanStandardToken,0,0,0,0,0,0
0x0fb03d4f14429b4e57634a931ea0df323d519ce7,HumanStandardToken,0,0,0,0,0,0
0x4672bad527107471cb5067a887f4656d585a8a31,DropToken,0,0,0,0,0,0
0x88d50b466be55222019d71f9e8fae17f5f45fca1,CryptaurToken,0,0,0,0,0,0
0xc05a6662f75df9b3d761acc034e0970035c4c624,KODB,0,0,0,0,0,0
0xd2deb679ed81238caef8e0c32257092cecc8888b,SmartToken,0,0,0,0,0,0
0x9c716897afc498f394e23f55b38d9915ba5164f5,AdvancedToken,0,0,0,0,0,0
0x4d807509aece24c0fa5a102b6a3b059ec6e14392,MenloToken,0,0,0,0,0,0
0x1410434b0346f5be678d0fb554e5c7ab620f8f4a,KanCoin,0,0,0,0,0,0
0x7c2af3a86b4bf47e6ee63ad9bde7b3b0ba7f95da,ABAToken,0,0,0,0,0,0
0x4824a7b64e3966b0133f4f4ffb1b9d6beb75fff7,TCTToken,0,0,0,0,0,0
0xf72b5d4323e3a6fe44218c8bf9db487f1e7ad38a,ASEChain,0,0,0,0,0,10
0xd79477c9b101cd4a0ad785b5a273af5e59ba918d,MintHelper,0,0,0,0,0,0
0x607f4c5bb672230e8672085532f7e901544a7375,RLC,0,0,0,0,0,0
0xfbc3c8aad80b5934d134e2cce065702ff254ad7d,ChaoExToken,0,0,0,0,0,0
0x690d5cede76ed946da697e6b9e88472a5706acd1,GTBC,0,0,0,0,0,0
0x59ebb83b72d735ac1ecb824cb3f8253fa5d49d00,HumanStandardToken,0,10,0,0,0,0
0x5c3bb81d0e1391361b3198d02fe883dff1ba70ad,Imdex,0,0,0,0,0,0
0x3bb14bfd0e04749c05d8558c79cda36c44bd9018,MintHelper,0,0,0,0,0,0
0x5f6e7fb7fe92ea7822472bb0e8f1be60d6a4ea50,Artemine,0,1,0,0,0,0
0xfb3ddcabbdc9545b271c999cd13a1390ff75d28c,AUSC,0,0,0,0,0,0
0xe96f2c381e267a96c29bbb8ab05ab7d3527b45ab,SatoExchange,0,0,0,0,0,0
0x59db9fde270b39a07f38fa3106a760829074c7d9,PIPSCHAIN,0,0,0,0,0,0
0xb052f8a33d8bb068414eade06af6955199f9f010,MultiToken,0,0,0,0,0,0
0xb5351d809062cf8e2238bbd2c54af905fb55e42d,WooshCoin,0,10,0,0,0,0
0xdecf3a00e37bada548ec438dcef99b43d7f9f67d,Token,0,0,0,0,0,0
0x58a4884182d9e835597f405e5f258290e46ae7c2,NoahCoin,0,0,0,0,0,0
0x40395044ac3c0c57051906da938b54bd6557f212,MobileGoToken,0,0,0,0,0,0
0xf8c595d070d104377f58715ce2e6c93e49a87f3c,DACCToken,0,0,0,0,0,0
0x6381947999a27896e4125ffba9160646dbe4accb,UKTToken,0,0,0,0,0,0
0x0cfda67b0067f1a99deb1cb80e0273a3f26d317c,TrekChain,0,10,0,0,0,0
0x89d24a6b4ccb1b6faa2625fe562bdd9a23260359,DSToken,0,0,0,0,0,0
0xf7b9fa01098f22527db205ff9bb6fdf7c7d9f1c5,SmartToken,0,0,0,0,0,0
0x029fa59111136ce592e136760a1df1d4a6cd564b,RetailLoyaltySystemToken,0,0,0,3,0,0
0xb5a5f22694352c15b00323844ad545abb2b11028,IcxToken,0,0,0,0,0,0
0xb8be5c22e4ef41bd16f14d28720c9f03a32c10a5,Forwarder,0,0,0,0,0,0
0x8810c63470d38639954c6b41aac545848c46484a,AditusToken,0,0,0,0,0,0
0x93e682107d1e9defb0b5ee701c71707a4b2e46bc,MCAP,0,0,0,0,0,0
0x4946583c5b86e01ccd30c71a05617d06e3e73060,ForestingToken,0,0,0,0,0,0
0x09cb097356fd053f8544abfa2c8a9d4fb2200d62,FactsToken,0,5,0,0,0,0
0xe530441f4f73bdb6dc2fa5af7c3fc5fd551ec838,GSENetwork,0,4,0,0,0,0
0x58c69ed6cd6887c0225d1fccecc055127843c69b,HLCToken,0,0,0,0,0,0
0xa13f0743951b4f6e3e3aa039f682e17279f52bc3,SencToken,0,0,0,0,0,0
0x5bf5f85480848eb92af31e610cd65902bcf22648,Lescovex_ISC,0,0,0,0,0,0
0xde1dea06d99a6634af53e3b2c4b7244226bf91c2,CustomToken,0,10,0,0,0,0
0x0f612a09ead55bb81b6534e80ed5a21bf0a27b16,EUNOMIA,0,10,0,0,0,0
0xe7976c4efc60d9f4c200cc1bcef1a1e3b02c73e7,MaxToken,0,0,0,0,0,0
0x2d4de3c744d43cf77cb12399921faf0d78b7415b,MainToken,0,0,0,0,0,0
0xc0eb85285d83217cd7c891702bcbc0fc401e2d9d,HVNToken,0,0,0,0,0,0
0x4234f63b1d202f6c016ca3b6a0d41d7d85f17716,QNTU,0,0,0,0,0,0
0x55648de19836338549130b1af587f16bea46f66b,Pebbles,0,10,0,0,0,0
0x2ad180cbaffbc97237f572148fc1b283b68d8861,IZXToken,0,0,0,2,0,0
0x16987c021c14ca1045cd0afebb33c124a58bf16c,Voyager,0,10,0,0,0,0
0xc55a13e36d93371a5b036a21d913a31cd2804ba4,NoteOfExchange,0,0,0,0,0,0
0xd9c8ae68aa8ff1f4eaf8c76d3ca56f00149d6771,TokenERC20,0,0,0,0,0,0
0x7de2cb9f4138b259562b3eff4ac65a181e08aaf9,TokenFactory,0,0,0,0,0,0
0x4d9e23a3842fe7eb7682b9725cf6c507c424a41b,FixedSupplyToken,0,0,0,0,0,0
0xe3c51fc064053ebc5a802e6f1d2897bf457c244f,JAAGCoin,0,0,4,4,0,0
0x667088b212ce3d06a1b553a7221e1fd19000d9af,Token,0,0,0,0,0,0
0x9e96604445ec19ffed9a5e8dd7b50a29c899a10c,COSSToken,0,10,0,0,0,0
0x503f9794d6a6bb0df8fbb19a2b3e2aeab35339ad,sbtToken,0,0,0,0,0,0
0x83984d6142934bb535793a82adb0a46ef0f66b6d,REMME,0,0,0,0,0,0
0x0bb217e40f8a5cb79adf04e1aab60e5abd0dfc1e,SwftCoin,0,0,0,0,0,0
0xf90705485e370b0344c4fe4eecdd09707669f165,UserWallet,0,0,0,0,0,0
0x1966d718a565566e8e202792658d7b5ff4ece469,nDEX,0,10,0,0,0,0
0x4cc29dd2b01a3e0ed005c6e2deb5b3666e4c240c,QMQCoin,0,10,0,0,0,0
0x36905fc93280f52362a1cbab151f25dc46742fb5,BTOToken,0,0,0,0,0,0
0xf1ca9cb74685755965c7458528a36934df52a3ef,AVINOCToken,0,0,0,0,0,0
0x01e799ebd5d11ddeea11e30466ce117b86726458,FTFExchangeToken,0,10,0,0,0,0
0xa5f91c9ece45a6410de14f5c4a7747c961b30c03,SimpleChildToken,0,0,0,0,0,0
0x39c230f89981274177e79708c921582bd4bd0303,FillOrder,0,0,0,0,0,0
0xf8cb6758d4658dff0e72d7616994d6f8c5286120,TokenERC20,0,0,0,0,0,0
0xd73be539d6b2076bab83ca6ba62dfe189abc6bbe,BlockchainCutiesCore,0,0,0,0,0,0
0x69d2779533a4d2c780639713558b2cc98c46a9b7,VNT,0,0,0,0,0,0
0x8cc3b3e4f62070afb2f0dfece7228376626c1b0c,CLASSYToken,0,0,0,0,0,0
0x7c5a0ce9267ed19b22f8cae653f198e3e8daf098,SAN,0,0,0,0,0,0
0xaad54c9f27b876d2538455dda69207279ff673a5,DACContract,0,0,0,0,0,0
0xb363a3c584b1f379c79fbf09df015da5529d4dac,MiracleTeleToken,0,0,0,0,0,0
0x48c1b2f3efa85fbafb2ab951bf4ba860a08cdbb7,HAND,0,10,0,1,0,0
0x9f0f1be08591ab7d990faf910b38ed5d60e4d5bf,MainCoin,0,0,0,0,0,0
0x9041fe5b3fdea0f5e4afdc17e75180738d877a01,ProToken,0,0,0,0,0,0
0x7b94a1281db0335c9efd68aca5c98b494d775c70,PATH,0,0,0,0,0,0
0xd7afd60492116e8a7581eefbcc0c375f1a6ad805,NTToken,0,10,0,0,0,0
0x499a6b77bc25c26bcf8265e2102b1b3dd1617024,Bitether,0,0,0,0,0,0
0x7600bf5112945f9f006c216d5d6db0df2806edc6,CaelumMiner,0,0,0,0,0,0
0xdf2c7238198ad8b389666574f2d8bc411a4b7428,MainframeToken,0,0,0,0,0,0
0x247ab20d711266fe14243fc037380c4c330fd990,HumanStandardToken,0,0,0,0,0,0
0xdf4703c56d1497a33c3fe75c2ee4ba02515778e9,EtopayNetwork,0,0,0,0,0,0
0xb6f43025b29196af2dddd69b0a58afba079cd600,IICToken,0,0,0,0,0,0
0xa4228f76abc218d981db1995b779954c78c00e99,GoldBoxToken,0,0,0,0,0,0
0x851017523ae205adc9195e7f97d029f4cfe7794c,SocialLendingToken,0,0,0,0,0,0
0x9b11efcaaa1890f6ee52c6bb7cf8153ac5d74139,ATMToken ,0,0,0,0,0,0
0x907e30177d7338f9829e2f1f158a19065c5459bc,NewBToken,0,10,0,0,0,0
0xc0ea6306f6360fe7dcab65d16bf1a3af92c79aa2,GanaToken,0,0,0,0,0,0
0xade2fc8d9955af2f3a69981c26daaf351cc3d728,FusToken,0,0,0,0,0,0
0x2763ff1a25c300b7255fe0af9d5ef3ece9ec34c0,UserWallet,0,0,0,0,0,0
0x603515243b98d6624adf243e1f4607144d21e281,ZToken,0,0,0,0,0,0
0x419c4db4b9e25d6db2ad9691ccb832c8d9fda05e,Dragon,0,0,0,0,0,0
0x2c594e1cb006e86c3879b1d8191a8b059af52be7,Excalibur,0,0,0,0,0,0
0x423b5f62b328d0d6d44870f4eee316befa0b2df5,GoToken,0,0,0,0,0,0
0x595832f8fc6bf59c85c527fec3740a1b7a361269,PowerLedger,0,0,0,0,0,0
0x3a5950389794237ed5506b7fdc9f67dca10b5580,HumanStandardToken,0,0,0,0,0,0
0x8c5cc09dfc32af3fbe764c5ec9ffada63aada32a,mcs,0,0,0,0,0,10
0x1183f92a5624d68e85ffb9170f16bf0443b4c242,QVT,0,0,0,0,0,0
0x3032b9e916a575db2d5a0c865f413a82891bd260,EONToken,0,0,0,0,0,0
0xfb2f26f266fb2805a387230f2aa0a331b4d96fba,DadiToken,0,0,0,0,0,0
0x7934fa8b3ac2213ac42e69a5ec55d624b4c04719, UniversalUtilityToken,0,0,0,0,0,0
0x6a27348483d59150ae76ef4c0f3622a78b0ca698,MetaGraphChain,0,0,0,0,0,0
0xad5fe5b0b8ec8ff4565204990e4405b2da117d8e,TRONCLASSIC,0,0,0,0,0,0
0xec985525f3f22c7fa9c9ff4a49e37589a76d86d4,SGCC,0,0,0,0,0,10
0x4771a87fdda79d3afa6cc788471aafa26667b73e,SUNQToken,0,0,0,0,0,0
0x3f469d3049ddadb15f9608693537d6b50ec94045,TokenERC20,0,0,0,0,0,0
0x49bd2da75b1f7af1e4dfd6b1125fecde59dbec58,LKYToken,0,0,0,0,0,0
0xfb8bf095ebcdad57d2e37573a505e7d3bafdd3cc,DPNToken,0,0,0,0,0,0
0xd9a72fec8683db0666769d841d6d127f350b4418,SurpriseToken,0,10,0,0,0,0
0x53227aaa48aa3342ccd58e5c5976a8f53f055166,oxleytoken,0,0,0,0,0,0
0xb0280743b44bf7db4b6be482b2ba7b75e5da096c,Transcodium,0,0,0,0,0,0
0xe8c65be49e76adbdef289b12ee648e6c5fa117a2,WKHToken,0,0,0,0,0,0
0x7b0c06043468469967dba22d1af33d77d44056c8,MorpheusToken,0,0,0,0,0,0
0x701c244b988a513c945973defa05de933b23fe1d,OpenANXToken,0,0,0,0,0,0
0xa57392548087453dec6106e670bbfb849276b358,CoreToken,0,0,0,0,0,0
0x0fde013d743098c10dcb02c0d625487445476db7,CustomToken,0,10,0,0,0,0
0xfb5a551374b656c6e39787b1d3a03feab7f3a98e,TosToken,0,0,0,0,0,0
0xea5f88e54d982cbb0c441cde4e79bc305e5b43bc,ParetoNetworkToken,0,0,0,0,0,0
0xbe428c3867f05dea2a89fc76a102b544eac7f772,CyberVeinToken,0,0,0,0,0,0
0x2cc71c048a804da930e28e93f3211dc03c702995,Token,0,0,0,0,0,0
0x448bd15ac18ce6386c27914c14c18fd9148df75f,XS2Token,0,0,0,0,0,0
0xf84df2db2c87dd650641f8904af71ebfc3dde0ea,MyToken,0,0,0,0,0,0
0x96c5eaffe9950ea7432e202cf79c2ae738503d69,Nitrogen,0,10,0,0,0,0
0x51db5ad35c671a87207d88fc11d593ac0c8415bd,MoedaToken,0,10,0,0,0,0
0x99ea4db9ee77acd40b119bd1dc4e33e1c070b80d,QuantstampToken,0,0,0,0,0,0
0x2fb12bccf6f5dd338b76be784a93ade072425690,BeatOrgToken,0,0,0,0,0,0
0xd45247c07379d94904e0a87b4481f0a1ddfa0c64,MultiToken,0,0,0,0,0,0
0xa0d440c6da37892dc06ee7930b2eede0634fd681,MasterNet,0,0,0,0,0,0
0xff1642f2ed00d802cc305be21e6dc1d1e4f19a67,GalaxyCoin,0,0,0,0,0,0
0x9389434852b94bbad4c8afed5b7bdbc5ff0c2275,TTC,0,0,0,0,0,0
0x70a128fe6c4f654f52fc799f250506bed550945e,CpublicGold,0,10,0,0,0,0
0x8713d26637cf49e1b6b4a7ce57106aabc9325343,CNNToken,0,0,0,1,0,0
0x886d52074f8125f82658a41212a618bc19f738d2,SCE,0,0,0,0,0,0
0x2467aa6b5a2351416fd4c3def8462d841feeecec,QiibeeToken,0,0,0,0,0,0
0xab95e915c123fded5bdfb6325e35ef5515f1ea69,Xenon,0,0,0,0,0,0
0xc126924e4d8138479d1d68a699bf4c707638c161,FuseaNetwork,0,0,0,0,0,0
0x9108e027384506c528bd3d3603a46986c065b8fa,EcoSystem,0,0,0,0,0,0
0xcc80c051057b774cd75067dc48f8987c4eb97a5e,NEC,0,0,0,0,0,0
0x57c8d5d5b87a1580fdaf996cef674bb0d7f14c98,OdinToken,0,0,0,0,0,0
0xfef3884b603c33ef8ed4183346e093a173c94da6,MetaMorph,0,0,0,0,0,0
0xaaaebe6fe48e54f431b0c390cfaf0b017d09d42d,CelsiusToken,0,0,0,0,0,0
0x540e5fff293f523acd26291b5bc7ac5713991feb,PitisCoin,0,0,0,0,0,0
0xcde3ef6cacf84ad36d8a6eccc964f25351296d36,BitcoinGalaxy,0,0,0,0,0,0
0x23ccc43365d9dd3882eab88f43d515208f832430,MidasToken,0,0,0,0,0,0
0xdfb461c7b9e2142263019875974bfbbe91f79b3b,TokenERC20,0,0,0,0,0,0
0xe1a178b681bd05964d3e3ed33ae731577d9d96dd,BOX,0,0,0,0,0,0
0x64a60493d888728cf42616e034a0dfeae38efcf0,OneledgerToken,0,0,0,0,0,0
0x07a7ed332c595b53a317afcee50733af571475e7,eMTV,0,0,0,0,0,0
0x2f85e502a988af76f7ee6d83b7db8d6c0a823bf9,LatiumX,0,0,0,0,0,0
0x793ebbe21607e4f04788f89c7a9b97320773ec59,ProxyCreationAndExecute,0,0,0,0,0,0
0x64c289c22fd7ec36a766cc7c0b6b60c73baf9b48,CoinfairCoin,0,0,0,0,6,0
0xfbaf48e57cab46f4c2e03edb90a421d9fc6c7cbf,MIKScoin,0,0,0,0,0,0
0x8f0921f30555624143d427b340b1156914882c10,FypToken,0,0,0,0,0,0
0x237d974f86da7b5745457751e004d5e8bfdf4e90,MyAdvancedToken,0,0,0,0,0,0
0xff98a08c143311719ca492e4b8c950c940f26872,JEX ,0,0,0,0,0,0
0xcba8162778e6a3eba60e1cf7c012b327340bd05d,ERC20Standard,0,0,0,0,0,0
0x31f3d9d1bece0c033ff78fa6da60a6048f3e13c5,EBCoinToken,0,0,0,0,0,0
0x9746953f5b1324a78132895cfd263f417b0faae3,VCBToken,0,10,0,0,0,0
0x72430a612adc007c50e3b6946dbb1bb0fd3101d1, ThingschainToken,0,0,0,0,0,0
0xe2fb6529ef566a080e6d23de0bd351311087d567,CovestingToken,0,0,0,0,0,0
0x5e5fc1d4e4263fd8366991de12fced31949927cc,LPCT,0,0,0,2,0,0
0x647f274b3a7248d6cf51b35f08e7e7fd6edfb271,MaggieToken,0,0,0,0,0,0
0x41e5560054824ea6b0732e656e3ad64e20e94e45,CentrallyIssuedToken,0,0,0,0,0,0
0x618e75ac90b12c6049ba3b27f5d5f8651b0037f6,QASHToken,0,0,0,0,0,0
0x4aa42145aa6ebf72e164c9bbc74fbd3788045016,EternalStorageProxy,0,0,0,0,0,0
0xdfa8331e83eb2cbf0cb9e3e7c08f67f7b0af3901,MICE,0,0,0,0,0,0
0xb1eef147028e9f480dbc5ccaa3277d417d1b85f0,SeeleToken,0,0,0,0,0,0
0x7a2fe37e51930e4f0cf3489f24771f361f2bbfcc,EvilMorty,0,0,0,0,0,0
0x574f84108a98c575794f75483d801d1d5dc861a5,RoxToken,0,0,0,0,0,0
0x355a458d555151d3b27f94227960ade1504e526a,TokenERC20,0,0,0,2,0,10
0xaafd35ddb9189995937a2862e8ff17519f5aae78,GTLToken,0,0,0,0,0,0
0x7c7aea54060c46cf1c9f768882f738a63b7b64ee,CustomToken,0,10,0,0,0,0
0xf3a14ffb4a01cd94975e0231395144ed0ef0f558,SingularDTVLaunch,0,0,0,0,0,0
0x9f549ebfd4974cd4ed4a1550d40394b44a7382aa,LinkCoinToken,0,0,0,0,0,0
0xe34e1944e776f39b9252790a0527ebda647ae668,SaleToken,0,0,0,0,0,0
0xe81d72d14b1516e68ac3190a46c93302cc8ed60f,Coinlancer,0,0,0,0,0,0
0x13f11c9905a08ca76e3e853be63d4f0944326c72,DIVXToken,0,0,0,0,0,0
0xbb1fa4fdeb3459733bf67ebc6f893003fa976a82,PATToken,0,0,0,0,0,0
0xe71759fb6b1de802c9e7de271a2c392a2d1aaa36,NavGlobalTourCoin,0,0,0,0,0,0
0xda6cb58a0d0c01610a29c5a65c303e13e885887c,cVToken,0,0,0,0,0,0
0xac4e78b55abf5425d0b4be30dec2be451c0697c4,LTT,0,0,0,0,0,0
0x72adadb447784dd7ab1f472467750fc485e4cb2d,WorldcoreToken,0,0,0,0,0,0
0x78774d1c3277b83459c730921bff11019017b233,SingularDTVToken,0,0,0,0,0,0
0x742134547b314adbf197ae10d53efcebfc6ff1e8,IChain,0,0,0,0,0,0
0xafffcba7d4870056f7555dc767be73dfbcb0237e,TokenNedCoin,0,0,0,0,0,0
0xb56ad97f5134fac2cf2b55347c827fa9fa4c2648,CustomToken,0,10,0,0,0,0
0xaa7a9ca87d3694b5755f213b5d04094b8d0f0a6f,TracToken,0,0,0,0,0,0
0xa5b0f0d4d586f20f7d49005b5e9b856358332a2a,TsingDaToken,0,0,0,0,0,0
0x81e74a3ea4bab2277aa3b941e9d9f37b08ac5374,ifoodToken,0,0,0,0,0,0
0xefcafd4a1e76d392d683d4a79cd0e4a751d0be75,BCSToken,0,0,0,0,0,10
0x20f7a3ddf244dc9299975b4da1c39f8d5d75f05a,SapienToken,0,0,0,0,0,0
0x9bbbc3ed9e3fb37554c917f431b0f32315aaa9bb,VEXG,0,10,0,0,0,0
0x59a17c58daaee299b39a060b9de67bf7c829e4d3,HumanStandardToken,0,0,0,0,0,0
0x960b236a07cf122663c4303350609a66a7b288c0,ANT,0,0,0,0,0,0
0xbae94d28610c8cfd2168f7b97bc7cb0589803c6b,Hive,0,0,0,0,0,0
0x228ba514309ffdf03a81a205a6d040e429d6e80c,GSCToken,0,10,0,0,0,0
0x949bed886c739f1a3273629b3320db0c5024c719,AMIS,0,0,0,0,0,0
0x9c007b020685387fc93583d8a7eb97506df0f26a,AdvancedToken,0,0,0,0,0,0
0xd8912c10681d8b21fd3742244f44658dba12264e,Pluton,0,0,0,0,0,0
0x9b4e2b4b13d125238aa0480dd42b4f6fc71b37cc,ERC20Token,0,0,0,0,0,0
0xfa2eb971f7eeb0addf86dd77f32c224c243a5cc5,UserWallet,0,0,0,0,0,0
0x5d48f293baed247a2d0189058ba37aa238bd4725,NeuroChainClausius,0,10,0,0,0,0
0x21ab6c9fac80c59d401b37cb43f81ea9dde7fe34,BRC,0,0,0,0,0,0
0x8b69f58be5d02ddc832384ef930bfad2f9223719,N2Contract,0,10,0,0,0,0
0x211238ddea3cd78e2def070e62d405d9eea45857,PXToken,0,0,0,0,0,0
0xf8b358b3397a8ea5464f8cc753645d42e14b79ea,ABL,0,0,0,0,0,0
0x5d65d971895edc438f465c17db6992698a52318d,NebulasToken,0,0,0,0,0,0
0x241ba672574a78a3a604cdd0a94429a73a84a324,KWATT_Token,0,0,0,0,0,0
0x3b36cd56e286241386d3a043b0cff1a7187283b9,boardcoin,0,0,0,0,0,0
0xbdf59557648f971dee95d01f06a56ad5df904a6e,UserWallet,0,0,0,0,0,0
0xdd7fb6774cb413b245b49e7aefd7f17da06b2401,UserWallet,0,0,0,0,0,0
0x79dcd7320f227a368f0b73b0af2997d2cb3888d6,MAYA,0,0,0,0,0,0
0x4b5bc97407898339eca79b541cee9b8b79ccda40,IdaToken,0,0,0,0,0,0
0x08b0e0052a40e880919a0b55084ac913c9a9d0a4,SingularDTVToken,0,0,0,0,0,0
0x2af512587c604ecc41e0d0eafb79c00a11232775,CustomToken,0,10,0,0,0,0
0x697beac28b09e122c4332d163985e8a73121b97f,QRL_Token,0,5,0,0,0,0
0x13e9ec660d872f55405d70e5c52d872136f0970c,TKT_TokenERC20,0,0,0,0,0,0
0x72645bd96977a9448051c44549105868f4ccda51,CustomToken,0,10,0,0,0,0
0x7b45a572ea991887a01fd919c05edf1cac79c311,R1Exchange,0,0,0,0,0,0
0xa973ad75a72c842b0a90aa0ec029a8267cdd5edf,EVCChain,0,10,0,0,0,0
0x052ec4cefda83abbc9c2733571a0177fc77c6322,CustomToken,0,10,0,0,0,0
0x642ae78fafbb8032da552d619ad43f1d81e4dd7c,Redeemer,0,0,0,0,0,0
0x1ac7364dafbe2e90255be7accedf8850d1655bfe,UserWallet,0,0,0,0,0,0
0xca694eb79ef355ea0999485d211e68f39ae98493,HumanStandardToken,0,0,0,0,0,0
0x4a7109c3978bb76e3c2e275ac8a5a8127f1392e9,AFRI,0,0,0,0,0,0
0x46b9ad944d1059450da1163511069c718f699d31,CREDITS,0,0,0,0,0,0
0x5e2effd98b24a7fd12156c6ecf2f77cf4588b572,WinbitToken,0,0,0,0,0,0
0xc0829421c1d260bd3cb3e0f06cfe2d52db2ce315,EtherToken,0,0,0,0,0,0
0x8d6df35bd383033ad6e4a050f8eabf3677b540f6,TokenGCT,0,0,0,0,0,10
0x033030feebd93e3178487c35a9c8ca80874353c9,BDTToken,0,0,0,0,0,0
0x9720b467a710382a232a32f540bdced7d662a10b,Vezt,0,0,0,0,0,0
0xe95990825aab1a7f0af4cc648f76a3bcc99f25b2,ZenswapNetworkToken,0,0,0,0,0,0
0x9e3319636e2126e3c0bc9e3134aec5e1508a46c7,UTNP,0,0,0,0,0,0
0x60aff542ea64a2c8576707ac9ec150b6829ff808,TokenERC20,0,0,0,0,0,0
0xe7d3e4413e29ae35b0893140f4500965c74365e5,B2BCoinContract,0,0,0,0,0,0
0x929dac58cf32c693c7c9e9e72c2786525679898d,AIToken,0,0,0,0,0,0
0xd9964e1306dda055f5284c52048712c35ddb61fd,BitNauticToken,0,0,0,0,0,0
0x05be3da81c8034aac41cbef181578fa564947518,UserWallet,0,0,0,0,0,0
0x4c85b7354b2ed5d875951e7a092a7660e4d0e298,TokenFactory,0,0,0,0,0,0
0x347a29ea126a746c70e1ead570fddf438e66231a,CurrentToken,0,0,0,0,0,0
0x911faf4c1e2f8703bd31b6dc158a1a210dd4b2c0,TokenERC20,0,0,0,0,0,0
0x78a2a1029e3168b49d3a276c787050ff5106dcf2,Ezoow,0,0,0,0,0,0
0xd682bb54ae24df2a90b70e630becae8edc1473f9,NotusToken,0,0,0,0,0,0
0x85089389c14bd9c77fc2b8f0c3d1dc3363bf06ef,SportifyToken,0,0,0,0,0,0
0xa447351c86fe1213d507b54e8ec0bb3a63f98882,UserWallet,0,0,0,0,0,0
0x7bb133239554de53937f5c258d9908c76210459f,IHCToken,0,0,0,0,0,0
0x8542325b72c6d9fc0ad2ca965a78435413a915a0,OysterShell,0,0,0,0,0,0
0x997f70391b590314731c1290b9142b380443e3a4,UserWallet,0,0,0,0,0,0
0x11468d142559f6ab61e69b47f30fa6a36c93ee92,CombiCoin_v2,0,0,0,0,0,0
0xca2796f9f61dc7b238aab043971e49c6164df375,YeedToken,0,0,0,0,0,0
0x1776e1f26f98b1a5df9cd347953a26dd3cb46671,NumeraireBackend,0,0,0,0,0,0
0x7cc62d8e80be9bea3947f3443ad136f50f75b505,CrowdsaleTokenExt,0,0,0,0,0,0
0xb551d08d2189ef67b4788be2c35c0743693625ca,HumanStandardToken,0,0,0,0,0,0
0x85e4cd785887cad7c6be93f2f34d5fa683f9bfcd,apexSolids,0,0,0,0,0,0
0x7d82217ab55013e81482a5edf82180a9f33f72b4,HumanStandardToken,0,0,0,0,0,0
0x3e65e1eefde5ea7ccfc9a9a1634abe90f32262f8,BaaSidToken,0,0,0,0,0,0
0xcdcfc0f66c522fd086a1b725ea3c0eeb9f9e8814,AURA,0,0,0,0,0,8
0x8f8221afbb33998d8584a2b05749ba73c37a938a,RequestToken,0,0,0,0,0,0
0x2a093bcf0c98ef744bb6f69d74f2f85605324290,FoodcoinEcosystem,0,0,0,0,0,0
0x076641af1b8f06b7f8c92587156143c109002cbe,SOPToken,0,0,0,0,0,0
0x100614ffda1bd77a694e215ca0f618da1bf8b7af,FlexionCoin,0,0,0,0,0,0
0xb98d4c97425d9908e66e53a6fdf673acca0be986,ArcBlockToken,0,0,0,0,0,0
0x8c211128f8d232935afd80543e442f894a4355b7,SNcoin_Token,0,0,0,0,0,0
0x93d10944f7a81ed891f53a1f8e02f6a2e98122f3,DORACoin,0,0,0,0,0,0
0x24692791bc444c5cd0b81e3cbcaba4b04acd1f3b,UnikoinGold,0,0,0,0,0,0
0xe9f9547c17fc9539df99a42dcb6ec38165994c45,BouncyCoinToken,0,0,0,0,0,0
0x83c5c28494df3af44b6ac614e0acb3a64f399b20,HumanStandardToken,0,0,0,0,0,0
0x6781a0f84c7e9e846dcb84a9a5bd49333067b104,ZapToken,0,0,0,0,0,0
0xd26114cd6ee289accf82350c8d8487fedb8a0c07,OMGToken,0,3,0,0,0,0
0x35a69642857083ba2f30bfab735dacc7f0bac969,BBNToken,0,0,0,0,0,0
0x5003b168b457b663c3c18ffcf5b6a24bee8f59c7,MuskToken,0,0,0,0,0,0
0xe8a1df958be379045e2b46a31a98b93a2ecdfded,ESZCoin,0,0,0,0,0,0
0x32d74896f05204d1b6ae7b0a3cebd7fc0cd8f9c7,KcashToken,0,0,0,0,0,0
0x4cd988afbad37289baaf53c13e98e2bd46aaea8c,DSToken,0,0,0,0,0,0
0xd5524179cb7ae012f5b642c1d6d700bbaa76b96b,Delegator,0,0,0,0,0,0
0xd07d9fe2d2cc067015e2b4917d24933804f42cfa,TolarToken,0,0,0,0,0,0
0xd9dac7b72472376b60b6aee9cfa2498cccdcb2a7,TokenERC20,0,0,0,0,0,0
0x0d57701e5593bdd82e84a3bd90a46cb46169ddee,JTCCtoken,0,0,0,0,0,0
0x5d9b261b6bca923249db8ca5809d4524a78da06a,UserWallet,0,0,0,0,0,0
0x9f452e458b024e82d6e3ff50a07b8de74c988523,GoatCash,0,0,0,0,0,0
0x85e076361cc813a908ff672f9bad1541474402b2,Telcoin,0,0,0,0,0,0
0x3635e381c67252405c1c0e550973155832d5e490,JapanBrandCoin,0,0,0,0,0,0
0x665d83975e42402dec11bf8e2b398af69126ca0e,Osiris,0,10,0,0,0,0
0x331a244a58cfc1356d94c5fdf09f349cc87de195,SimpleChildToken,0,0,0,0,0,0
0xd7b3669c7d3e38ab5a441383d41f25e003e02148,SealToken,0,0,0,0,0,0
0x8a88f04e0c905054d2f33b26bb3a46d7091a039a,IG,0,10,0,0,0,0
0xb70835d7822ebb9426b56543e391846c107bd32c,GameICO,0,10,0,0,0,0
0x98b4ca8bd52e4ed1f28d3f30d9f567d1166c9483,iFish,0,0,0,0,0,0
0x881ef48211982d01e2cb7092c915e647cd40d85c,OTNToken,0,0,0,0,0,0
0x92d3e963aa94d909869940a8d15fa16ccbc6655e,GYMRewardsToken,0,0,0,0,0,0
0x8a4184de727d459b831fd2e44f0540e926828bf3,MOATOKEN,0,0,0,0,0,0
0x1b9b1273757a0b232f8c572ad0ad412341cd37fe,UserWallet,0,0,0,0,0,0
0xa4e8c3ec456107ea67d3075bf9e3df3a75823db0,LoomToken,0,0,0,0,0,0
0xc39e626a04c5971d770e319760d7926502975e47,AxpireToken,0,0,0,0,0,0
0x514910771af9ca656af840dff83e8264ecf986ca,LinkToken,0,0,0,0,0,0
0xfec0cf7fe078a500abf15f1284958f22049c2c7e,MaecenasToken,0,0,0,0,0,0
0x103c3a209da59d3e7c4a89307e66521e081cfdf0,GVToken,0,0,0,0,0,0
0x6daef64f63f3a3a52daf4491d93ee1b425a0914f,CustomToken,0,10,0,0,0,0
0x749f35ff65932e68267dd82f6cd85eea735d700e,CCLToken,0,10,0,0,0,0
0x4aac461c86abfa71e9d00d9a2cde8d74e4e1aeea,CrowdsaleTokenExt,0,0,0,0,0,0
0x59c6f18c3e96ecd779c7664e24fede0d49731a2b,GT,0,0,0,0,0,0
0x59217d3e1daebbeb89a8d92e4ee0e936bf5e7f93,Linkbox,0,0,0,0,0,0
0x8d2da938d6f717eb5d84f68bb0eca7584c8faf2a,STCDR,0,0,0,0,0,0
0x922105fad8153f516bcfb829f56dc097a0e1d705,YEEToken,0,0,0,0,0,0
0x960f56e8a9f2084acf39a686ee5b1f5467cf81e4,ZBAStandardToken,0,0,0,0,0,0
0x351d5ea36941861d0c03fdfb24a8c2cb106e068b,FrescoToken,0,0,0,0,0,0
0xaa843f65872a25d6e9552ea0b360fb1d5e333124,EcoValueCoin,0,0,0,0,0,0
0x0d8775f648430679a709e98d2b0cb6250d2887ef,BAToken,0,0,0,0,0,0
0x69beab403438253f13b6e92db91f7fb849258263,NeuroToken,0,0,0,0,0,0
0xfa05a73ffe78ef8f1a739473e462c54bae6567d9,LunyrToken,0,0,0,0,0,0
0xb2f7eb1f2c37645be61d73953035360e768d81e6,CobinhoodToken,0,0,0,0,0,0
0xcfc2437916a6df165235272dbfb116687bb1a00b,PlusCoin,0,0,0,0,0,0
0x4fe9f52ec23f6805f2fd0332a34da4f1c135b024,CaiToken,0,0,0,0,0,0
